데이터 로딩 중...
W shape: (9822837, 4)
X_s shape: (9822837, 14)
X_v shape: (9822837, 14)
T shape: (9822837, 10)
A shape: (9822837, 4)

======================================================================
  PIPELINE: Baseline  (window=0)
======================================================================

=== Normal Range summary (A_dev index) ===
Total normal ranges : 9
  Engine 1 : [0, 156352] (len=156353)
  Engine 2 : [308489, 526119] (len=217631)
  Engine 3 : [955653, 1167122] (len=211470)
  Engine 4 : [1545490, 1752373] (len=206884)
  Engine 5 : [2084577, 2236339] (len=151763)
  Engine 6 : [2485720, 2754276] (len=268557)
  Engine 7 : [3432229, 3656713] (len=224485)
  Engine 8 : [4132089, 4383309] (len=251221)
  Engine 9 : [5207095, 5368001] (len=160907)

=== Abnormal Range summary (A_dev index) ===
Total abnormal ranges : 9
  Engine 1 : [156353, 308488] (len=152136)
  Engine 2 : [526120, 955652] (len=429533)
  Engine 3 : [1167123, 1545489] (len=378367)
  Engine 4 : [1752374, 2084576] (len=332203)
  Engine 5 : [2236340, 2485719] (len=249380)
  Engine 6 : [2754277, 3432228] (len=677952)
  Engine 7 : [3656714, 4132088] (len=475375)
  Engine 8 : [4383310, 5207094] (len=823785)
  Engine 9 : [5368002, 5571276] (len=203275)

=== DEV All Range summary (A_dev index) ===
Total dev ranges : 9
  Engine 1 : [0, 308488] (len=308489)
  Engine 2 : [308489, 955652] (len=647164)
  Engine 3 : [955653, 1545489] (len=589837)
  Engine 4 : [1545490, 2084576] (len=539087)
  Engine 5 : [2084577, 2485719] (len=401143)
  Engine 6 : [2485720, 3432228] (len=946509)
  Engine 7 : [3432229, 4132088] (len=699860)
  Engine 8 : [4132089, 5207094] (len=1075006)
  Engine 9 : [5207095, 5571276] (len=364182)

=== Test Abnormal Range summary (A_test index) ===
Total test abnormal ranges : 6
  Engine 10 : [249848, 951108] (len=701261)
  Engine 11 : [1212316, 1775600] (len=563285)
  Engine 12 : [1931041, 2181009] (len=249969)
  Engine 13 : [2432683, 3287901] (len=855219)
  Engine 14 : [3447483, 3633385] (len=185903)
  Engine 15 : [3850316, 4251559] (len=401244)

=== TEST All Range summary (A_test index) ===
Total test ranges : 6
  Engine 10 : [0, 951108] (len=951109)
  Engine 11 : [951109, 1775600] (len=824492)
  Engine 12 : [1775601, 2181009] (len=405409)
  Engine 13 : [2181010, 3287901] (len=1106892)
  Engine 14 : [3287902, 3633385] (len=345484)
  Engine 15 : [3633386, 4251559] (len=618174)

=== DEV sampling (normal state, from A_dev) ===
Target engines : [np.int64(1), np.int64(2), np.int64(3), np.int64(4), np.int64(5), np.int64(6), np.int64(7), np.int64(8), np.int64(9)]
Samples per range (K) : 20
  Engine 1 | range [0,156352] | range_len=156353 | sampled=20
  Engine 2 | range [308489,526119] | range_len=217631 | sampled=20
  Engine 3 | range [955653,1167122] | range_len=211470 | sampled=20
  Engine 4 | range [1545490,1752373] | range_len=206884 | sampled=20
  Engine 5 | range [2084577,2236339] | range_len=151763 | sampled=20
  Engine 6 | range [2485720,2754276] | range_len=268557 | sampled=20
  Engine 7 | range [3432229,3656713] | range_len=224485 | sampled=20
  Engine 8 | range [4132089,4383309] | range_len=251221 | sampled=20
  Engine 9 | range [5207095,5368001] | range_len=160907 | sampled=20

DEV sampled count by engine:
  Engine 1 : 20
  Engine 2 : 20
  Engine 3 : 20
  Engine 4 : 20
  Engine 5 : 20
  Engine 6 : 20
  Engine 7 : 20
  Engine 8 : 20
  Engine 9 : 20

Total DEV sampled indices: 180

=== DEV sampling (abnormal state, from A_dev) ===
Samples per cycle (N) : 10

Total DEV sampled indices: 6630

=== TEST sampling (abnormal state, from A_test) ===
Samples per cycle (N) : 10

Total TEST sampled indices: 4380

[Data prep] window=0 (fixed)
  Training data size    : 180
  Outlier rate (>3σ)    : 0.0056
  Mean IQR (sensors)    : 87.1154

[GPR training]
  GPR Iter 10/100 - Loss: 0.8604
  GPR Iter 20/100 - Loss: 0.3596
  GPR Iter 30/100 - Loss: -0.1514
  GPR Iter 40/100 - Loss: -0.6635
  GPR Iter 50/100 - Loss: -1.1605
  GPR Iter 60/100 - Loss: -1.6362
  GPR Iter 70/100 - Loss: -2.0632
  GPR Iter 80/100 - Loss: -2.4085
  GPR Iter 90/100 - Loss: -2.6404
  GPR Iter 100/100 - Loss: -2.7725
  GPR final loss: -2.7725
  Residual STD (avg over sensors): 1.8175
  Residual MAE (avg over sensors): 1.3671
T48: mean=6.1236, std=8.3204
T50: mean=4.8460, std=6.7190
Wf: mean=0.0103, std=0.0133

[MLP training] epochs=1000
Debug epochs: [100, 200, 300, 400, 500, 600, 700, 800, 900, 1000]
Number of engines: 9
  Engine 1: 72 cycles
  Engine 2: 73 cycles
  Engine 3: 67 cycles
  Engine 4: 60 cycles
  Engine 5: 93 cycles
  Engine 6: 63 cycles
  Engine 7: 80 cycles
  Engine 8: 71 cycles
  Engine 9: 84 cycles

================================================================================
EPOCH 100 - LOSS COMPUTATION
================================================================================

[Engine 1] T_n=72
  HI range: [0.092324, 0.224827]
  HI[0] (first): 0.102712
  HI[71] (last): 0.222900
  Loss Term 1 contribution: 0.603884 (target: h_n(T_n)=1)
  Loss Term 2 contribution: 0.002256
  Monotonicity violations: 33/71
  Loss Term 3 contribution: 0.005638
  Convexity violations: 34/70
  Gradient (dHI/dt) stats:
    Mean: 0.001693, Std: 0.007637

[Engine 2] T_n=73
  HI range: [0.096045, 0.250056]
  HI[0] (first): 0.098932
  HI[72] (last): 0.246174
  Loss Term 1 contribution: 0.568254 (target: h_n(T_n)=1)
  Loss Term 2 contribution: 0.001836
  Monotonicity violations: 26/72
  Loss Term 3 contribution: 0.004535
  Convexity violations: 39/71
  Gradient (dHI/dt) stats:
    Mean: 0.002045, Std: 0.006615

[Engine 3] T_n=67
  HI range: [0.096323, 0.251958]
  HI[0] (first): 0.108248
  HI[66] (last): 0.251958
  Loss Term 1 contribution: 0.559567 (target: h_n(T_n)=1)
  Loss Term 2 contribution: 0.001988
  Monotonicity violations: 23/66
  Loss Term 3 contribution: 0.004766
  Convexity violations: 33/65
  Gradient (dHI/dt) stats:
    Mean: 0.002177, Std: 0.007472

[Engine 4] T_n=60
  HI range: [0.100114, 0.230338]
  HI[0] (first): 0.104295
  HI[59] (last): 0.230338
  Loss Term 1 contribution: 0.592379 (target: h_n(T_n)=1)
  Loss Term 2 contribution: 0.001136
  Monotonicity violations: 16/59
  Loss Term 3 contribution: 0.003074
  Convexity violations: 28/58
  Gradient (dHI/dt) stats:
    Mean: 0.002136, Std: 0.005248

[Engine 5] T_n=93
  HI range: [0.092998, 0.259490]
  HI[0] (first): 0.101789
  HI[92] (last): 0.259490
  Loss Term 1 contribution: 0.548356 (target: h_n(T_n)=1)
  Loss Term 2 contribution: 0.001908
  Monotonicity violations: 34/92
  Loss Term 3 contribution: 0.004240
  Convexity violations: 46/91
  Gradient (dHI/dt) stats:
    Mean: 0.001714, Std: 0.006672

[Engine 6] T_n=63
  HI range: [0.101539, 0.250095]
  HI[0] (first): 0.108486
  HI[62] (last): 0.250095
  Loss Term 1 contribution: 0.562357 (target: h_n(T_n)=1)
  Loss Term 2 contribution: 0.001222
  Monotonicity violations: 24/62
  Loss Term 3 contribution: 0.003761
  Convexity violations: 28/61
  Gradient (dHI/dt) stats:
    Mean: 0.002284, Std: 0.005773

[Engine 7] T_n=80
  HI range: [0.099349, 0.257897]
  HI[0] (first): 0.107887
  HI[79] (last): 0.257897
  Loss Term 1 contribution: 0.550717 (target: h_n(T_n)=1)
  Loss Term 2 contribution: 0.001956
  Monotonicity violations: 27/79
  Loss Term 3 contribution: 0.004742
  Convexity violations: 36/78
  Gradient (dHI/dt) stats:
    Mean: 0.001899, Std: 0.006907

[Engine 8] T_n=71
  HI range: [0.101997, 0.262778]
  HI[0] (first): 0.103006
  HI[70] (last): 0.262778
  Loss Term 1 contribution: 0.543497 (target: h_n(T_n)=1)
  Loss Term 2 contribution: 0.001042
  Monotonicity violations: 18/70
  Loss Term 3 contribution: 0.002939
  Convexity violations: 33/69
  Gradient (dHI/dt) stats:
    Mean: 0.002282, Std: 0.004963

[Engine 9] T_n=84
  HI range: [0.101514, 0.260592]
  HI[0] (first): 0.102164
  HI[83] (last): 0.260592
  Loss Term 1 contribution: 0.546724 (target: h_n(T_n)=1)
  Loss Term 2 contribution: 0.002238
  Monotonicity violations: 30/83
  Loss Term 3 contribution: 0.005412
  Convexity violations: 38/82
  Gradient (dHI/dt) stats:
    Mean: 0.001909, Std: 0.007819

================================================================================
LOSS BREAKDOWN:
  Term 0 (Initial HI <= 0.2): 0.000000 (×1.0)
  Term 1 (Target HI=1): 5.075735 (×1.0)
  Term 2 (Monotonicity): 0.015582 (×6.0)
  Term 3 (Convexity): 0.039107 (×2.0)
  Total Loss: 5.247440
================================================================================

PARAMETER GRADIENTS (averaged over 9 engines):
  W1: mean=-0.00068886, std=0.02738866, max_abs=0.03665616
  b1: mean=-0.00042979, std=0.01573192, max_abs=0.01638218
  W2: mean=-0.00001296, std=0.11137162, max_abs=0.11649961
  b2: mean=-0.00547303, std=0.16148918, max_abs=0.16696221
  W3: mean=0.00831152, std=0.72217051, max_abs=0.73048203
  b3: mean=-1.50172849, std=0.00000000, max_abs=1.50172849

ADAM OPTIMIZER UPDATE (step 100):
  W1: update_mean=0.00002080, update_max_abs=0.00134437
  b1: update_mean=0.00002049, update_max_abs=0.00145476

================================================================================
EPOCH 200 - LOSS COMPUTATION
================================================================================

[Engine 1] T_n=72
  HI range: [0.207860, 0.580693]
  HI[0] (first): 0.243915
  HI[71] (last): 0.580693
  Loss Term 1 contribution: 0.175819 (target: h_n(T_n)=1)
  Loss Term 2 contribution: 0.005976
  Monotonicity violations: 29/71
  Loss Term 3 contribution: 0.014732
  Convexity violations: 34/70
  Gradient (dHI/dt) stats:
    Mean: 0.004743, Std: 0.020227

[Engine 2] T_n=73
  HI range: [0.222336, 0.607873]
  HI[0] (first): 0.234621
  HI[72] (last): 0.606909
  Loss Term 1 contribution: 0.154520 (target: h_n(T_n)=1)
  Loss Term 2 contribution: 0.004735
  Monotonicity violations: 26/72
  Loss Term 3 contribution: 0.011681
  Convexity violations: 38/71
  Gradient (dHI/dt) stats:
    Mean: 0.005171, Std: 0.018115

[Engine 3] T_n=67
  HI range: [0.217344, 0.611384]
  HI[0] (first): 0.246162
  HI[66] (last): 0.611384
  Loss Term 1 contribution: 0.151023 (target: h_n(T_n)=1)
  Loss Term 2 contribution: 0.004889
  Monotonicity violations: 24/66
  Loss Term 3 contribution: 0.012219
  Convexity violations: 33/65
  Gradient (dHI/dt) stats:
    Mean: 0.005534, Std: 0.019260

[Engine 4] T_n=60
  HI range: [0.243618, 0.590089]
  HI[0] (first): 0.252720
  HI[59] (last): 0.590089
  Loss Term 1 contribution: 0.168027 (target: h_n(T_n)=1)
  Loss Term 2 contribution: 0.003100
  Monotonicity violations: 16/59
  Loss Term 3 contribution: 0.008809
  Convexity violations: 27/58
  Gradient (dHI/dt) stats:
    Mean: 0.005718, Std: 0.013767

[Engine 5] T_n=93
  HI range: [0.202666, 0.616474]
  HI[0] (first): 0.236459
  HI[92] (last): 0.616474
  Loss Term 1 contribution: 0.147092 (target: h_n(T_n)=1)
  Loss Term 2 contribution: 0.005616
  Monotonicity violations: 35/92
  Loss Term 3 contribution: 0.012204
  Convexity violations: 48/91
  Gradient (dHI/dt) stats:
    Mean: 0.004131, Std: 0.019326

[Engine 6] T_n=63
  HI range: [0.246203, 0.611494]
  HI[0] (first): 0.264906
  HI[62] (last): 0.611494
  Loss Term 1 contribution: 0.150937 (target: h_n(T_n)=1)
  Loss Term 2 contribution: 0.003014
  Monotonicity violations: 19/62
  Loss Term 3 contribution: 0.008487
  Convexity violations: 30/61
  Gradient (dHI/dt) stats:
    Mean: 0.005590, Std: 0.014627

[Engine 7] T_n=80
  HI range: [0.245475, 0.616842]
  HI[0] (first): 0.271525
  HI[79] (last): 0.616842
  Loss Term 1 contribution: 0.146810 (target: h_n(T_n)=1)
  Loss Term 2 contribution: 0.004953
  Monotonicity violations: 28/79
  Loss Term 3 contribution: 0.012033
  Convexity violations: 37/78
  Gradient (dHI/dt) stats:
    Mean: 0.004371, Std: 0.017964

[Engine 8] T_n=71
  HI range: [0.240113, 0.621310]
  HI[0] (first): 0.240891
  HI[70] (last): 0.621310
  Loss Term 1 contribution: 0.143406 (target: h_n(T_n)=1)
  Loss Term 2 contribution: 0.002765
  Monotonicity violations: 16/70
  Loss Term 3 contribution: 0.007773
  Convexity violations: 33/69
  Gradient (dHI/dt) stats:
    Mean: 0.005435, Std: 0.013298

[Engine 9] T_n=84
  HI range: [0.238833, 0.617769]
  HI[0] (first): 0.238833
  HI[83] (last): 0.617769
  Loss Term 1 contribution: 0.146101 (target: h_n(T_n)=1)
  Loss Term 2 contribution: 0.005908
  Monotonicity violations: 28/83
  Loss Term 3 contribution: 0.013582
  Convexity violations: 38/82
  Gradient (dHI/dt) stats:
    Mean: 0.004565, Std: 0.020257

================================================================================
LOSS BREAKDOWN:
  Term 0 (Initial HI <= 0.2): 0.021875 (×1.0)
  Term 1 (Target HI=1): 1.383735 (×1.0)
  Term 2 (Monotonicity): 0.040955 (×6.0)
  Term 3 (Convexity): 0.101519 (×2.0)
  Total Loss: 1.854375
================================================================================

PARAMETER GRADIENTS (averaged over 9 engines):
  W1: mean=0.00005117, std=0.01369636, max_abs=0.02384734
  b1: mean=0.00002967, std=0.00417835, max_abs=0.00427953
  W2: mean=-0.00000332, std=0.04651859, max_abs=0.04860053
  b2: mean=-0.00212618, std=0.06625420, max_abs=0.06838038
  W3: mean=0.00223907, std=0.51967441, max_abs=0.52191348
  b3: mean=-0.68822367, std=0.00000000, max_abs=0.68822367

ADAM OPTIMIZER UPDATE (step 200):
  W1: update_mean=-0.00000569, update_max_abs=0.00139451
  b1: update_mean=0.00001505, update_max_abs=0.00068179

Epoch 200/1000, Loss: 1.854375

================================================================================
EPOCH 300 - LOSS COMPUTATION
================================================================================

[Engine 1] T_n=72
  HI range: [0.214197, 0.761336]
  HI[0] (first): 0.271815
  HI[71] (last): 0.761336
  Loss Term 1 contribution: 0.056961 (target: h_n(T_n)=1)
  Loss Term 2 contribution: 0.007450
  Monotonicity violations: 28/71
  Loss Term 3 contribution: 0.018138
  Convexity violations: 32/70
  Gradient (dHI/dt) stats:
    Mean: 0.006895, Std: 0.025586

[Engine 2] T_n=73
  HI range: [0.244680, 0.790725]
  HI[0] (first): 0.263539
  HI[72] (last): 0.790725
  Loss Term 1 contribution: 0.043796 (target: h_n(T_n)=1)
  Loss Term 2 contribution: 0.006004
  Monotonicity violations: 21/72
  Loss Term 3 contribution: 0.014541
  Convexity violations: 35/71
  Gradient (dHI/dt) stats:
    Mean: 0.007322, Std: 0.024274

[Engine 3] T_n=67
  HI range: [0.231649, 0.794363]
  HI[0] (first): 0.256663
  HI[66] (last): 0.794363
  Loss Term 1 contribution: 0.042287 (target: h_n(T_n)=1)
  Loss Term 2 contribution: 0.005609
  Monotonicity violations: 24/66
  Loss Term 3 contribution: 0.015349
  Convexity violations: 34/65
  Gradient (dHI/dt) stats:
    Mean: 0.008147, Std: 0.023914

[Engine 4] T_n=60
  HI range: [0.273125, 0.772237]
  HI[0] (first): 0.287256
  HI[59] (last): 0.772237
  Loss Term 1 contribution: 0.051876 (target: h_n(T_n)=1)
  Loss Term 2 contribution: 0.004250
  Monotonicity violations: 20/59
  Loss Term 3 contribution: 0.012592
  Convexity violations: 28/58
  Gradient (dHI/dt) stats:
    Mean: 0.008220, Std: 0.019385

[Engine 5] T_n=93
  HI range: [0.208629, 0.797018]
  HI[0] (first): 0.257192
  HI[92] (last): 0.797018
  Loss Term 1 contribution: 0.041202 (target: h_n(T_n)=1)
  Loss Term 2 contribution: 0.007663
  Monotonicity violations: 39/92
  Loss Term 3 contribution: 0.016966
  Convexity violations: 46/91
  Gradient (dHI/dt) stats:
    Mean: 0.005868, Std: 0.026630

[Engine 6] T_n=63
  HI range: [0.271671, 0.796557]
  HI[0] (first): 0.301549
  HI[62] (last): 0.796557
  Loss Term 1 contribution: 0.041389 (target: h_n(T_n)=1)
  Loss Term 2 contribution: 0.004451
  Monotonicity violations: 19/62
  Loss Term 3 contribution: 0.012291
  Convexity violations: 32/61
  Gradient (dHI/dt) stats:
    Mean: 0.007984, Std: 0.021033

[Engine 7] T_n=80
  HI range: [0.288244, 0.800320]
  HI[0] (first): 0.319838
  HI[79] (last): 0.800320
  Loss Term 1 contribution: 0.039872 (target: h_n(T_n)=1)
  Loss Term 2 contribution: 0.006242
  Monotonicity violations: 26/79
  Loss Term 3 contribution: 0.015965
  Convexity violations: 38/78
  Gradient (dHI/dt) stats:
    Mean: 0.006082, Std: 0.023833

[Engine 8] T_n=71
  HI range: [0.263492, 0.805503]
  HI[0] (first): 0.263492
  HI[70] (last): 0.805503
  Loss Term 1 contribution: 0.037829 (target: h_n(T_n)=1)
  Loss Term 2 contribution: 0.004273
  Monotonicity violations: 16/70
  Loss Term 3 contribution: 0.011928
  Convexity violations: 35/69
  Gradient (dHI/dt) stats:
    Mean: 0.007743, Std: 0.019356

[Engine 9] T_n=84
  HI range: [0.252950, 0.798855]
  HI[0] (first): 0.261689
  HI[83] (last): 0.798855
  Loss Term 1 contribution: 0.040459 (target: h_n(T_n)=1)
  Loss Term 2 contribution: 0.007601
  Monotonicity violations: 26/83
  Loss Term 3 contribution: 0.017199
  Convexity violations: 39/82
  Gradient (dHI/dt) stats:
    Mean: 0.006472, Std: 0.025816

================================================================================
LOSS BREAKDOWN:
  Term 0 (Initial HI <= 0.2): 0.055800 (×1.0)
  Term 1 (Target HI=1): 0.395670 (×1.0)
  Term 2 (Monotonicity): 0.053544 (×6.0)
  Term 3 (Convexity): 0.134969 (×2.0)
  Total Loss: 1.042673
================================================================================

PARAMETER GRADIENTS (averaged over 9 engines):
  W1: mean=-0.00001869, std=0.00320773, max_abs=0.00433211
  b1: mean=0.00033319, std=0.01374753, max_abs=0.01420624
  W2: mean=-0.00000250, std=0.01394003, max_abs=0.01489375
  b2: mean=-0.00052374, std=0.00566835, max_abs=0.00619209
  W3: mean=0.00039609, std=0.24032296, max_abs=0.24071904
  b3: mean=-0.26667813, std=0.00000000, max_abs=0.26667813

ADAM OPTIMIZER UPDATE (step 300):
  W1: update_mean=-0.00000576, update_max_abs=0.00031540
  b1: update_mean=-0.00000435, update_max_abs=0.00116171

================================================================================
EPOCH 400 - LOSS COMPUTATION
================================================================================

[Engine 1] T_n=72
  HI range: [0.193435, 0.817946]
  HI[0] (first): 0.250712
  HI[71] (last): 0.817946
  Loss Term 1 contribution: 0.033144 (target: h_n(T_n)=1)
  Loss Term 2 contribution: 0.007297
  Monotonicity violations: 27/71
  Loss Term 3 contribution: 0.018384
  Convexity violations: 33/70
  Gradient (dHI/dt) stats:
    Mean: 0.007989, Std: 0.026208

[Engine 2] T_n=73
  HI range: [0.224469, 0.864188]
  HI[0] (first): 0.243698
  HI[72] (last): 0.864188
  Loss Term 1 contribution: 0.018445 (target: h_n(T_n)=1)
  Loss Term 2 contribution: 0.006019
  Monotonicity violations: 22/72
  Loss Term 3 contribution: 0.014764
  Convexity violations: 35/71
  Gradient (dHI/dt) stats:
    Mean: 0.008618, Std: 0.024853

[Engine 3] T_n=67
  HI range: [0.211365, 0.869604]
  HI[0] (first): 0.232367
  HI[66] (last): 0.869604
  Loss Term 1 contribution: 0.017003 (target: h_n(T_n)=1)
  Loss Term 2 contribution: 0.005452
  Monotonicity violations: 23/66
  Loss Term 3 contribution: 0.015898
  Convexity violations: 36/65
  Gradient (dHI/dt) stats:
    Mean: 0.009655, Std: 0.024745

[Engine 4] T_n=60
  HI range: [0.251766, 0.834756]
  HI[0] (first): 0.266318
  HI[59] (last): 0.834756
  Loss Term 1 contribution: 0.027305 (target: h_n(T_n)=1)
  Loss Term 2 contribution: 0.004360
  Monotonicity violations: 20/59
  Loss Term 3 contribution: 0.013516
  Convexity violations: 29/58
  Gradient (dHI/dt) stats:
    Mean: 0.009635, Std: 0.021040

[Engine 5] T_n=93
  HI range: [0.188359, 0.872754]
  HI[0] (first): 0.235694
  HI[92] (last): 0.872754
  Loss Term 1 contribution: 0.016192 (target: h_n(T_n)=1)
  Loss Term 2 contribution: 0.007787
  Monotonicity violations: 39/92
  Loss Term 3 contribution: 0.017659
  Convexity violations: 46/91
  Gradient (dHI/dt) stats:
    Mean: 0.006925, Std: 0.027507

[Engine 6] T_n=63
  HI range: [0.249633, 0.874057]
  HI[0] (first): 0.279939
  HI[62] (last): 0.874057
  Loss Term 1 contribution: 0.015862 (target: h_n(T_n)=1)
  Loss Term 2 contribution: 0.004620
  Monotonicity violations: 19/62
  Loss Term 3 contribution: 0.013540
  Convexity violations: 34/61
  Gradient (dHI/dt) stats:
    Mean: 0.009583, Std: 0.022444

[Engine 7] T_n=80
  HI range: [0.269576, 0.879616]
  HI[0] (first): 0.299659
  HI[79] (last): 0.879616
  Loss Term 1 contribution: 0.014492 (target: h_n(T_n)=1)
  Loss Term 2 contribution: 0.006481
  Monotonicity violations: 27/79
  Loss Term 3 contribution: 0.017016
  Convexity violations: 39/78
  Gradient (dHI/dt) stats:
    Mean: 0.007341, Std: 0.025067

[Engine 8] T_n=71
  HI range: [0.241960, 0.889005]
  HI[0] (first): 0.241960
  HI[70] (last): 0.889005
  Loss Term 1 contribution: 0.012320 (target: h_n(T_n)=1)
  Loss Term 2 contribution: 0.004602
  Monotonicity violations: 17/70
  Loss Term 3 contribution: 0.013345
  Convexity violations: 36/69
  Gradient (dHI/dt) stats:
    Mean: 0.009243, Std: 0.020992

[Engine 9] T_n=84
  HI range: [0.229581, 0.876017]
  HI[0] (first): 0.240470
  HI[83] (last): 0.876017
  Loss Term 1 contribution: 0.015372 (target: h_n(T_n)=1)
  Loss Term 2 contribution: 0.007677
  Monotonicity violations: 28/83
  Loss Term 3 contribution: 0.017823
  Convexity violations: 39/82
  Gradient (dHI/dt) stats:
    Mean: 0.007657, Std: 0.026643

================================================================================
LOSS BREAKDOWN:
  Term 0 (Initial HI <= 0.2): 0.030922 (×1.0)
  Term 1 (Target HI=1): 0.170135 (×1.0)
  Term 2 (Monotonicity): 0.054294 (×6.0)
  Term 3 (Convexity): 0.141945 (×2.0)
  Total Loss: 0.810712
================================================================================

PARAMETER GRADIENTS (averaged over 9 engines):
  W1: mean=0.00008664, std=0.00504543, max_abs=0.00712143
  b1: mean=0.00038276, std=0.01014929, max_abs=0.01081498
  W2: mean=-0.00000199, std=0.00469657, max_abs=0.00514481
  b2: mean=-0.00031496, std=0.00417052, max_abs=0.00448548
  W3: mean=0.00011812, std=0.12920990, max_abs=0.12932803
  b3: mean=-0.16249760, std=0.00000000, max_abs=0.16249760

ADAM OPTIMIZER UPDATE (step 400):
  W1: update_mean=-0.00000441, update_max_abs=0.00044004
  b1: update_mean=0.00000691, update_max_abs=0.00089157

Epoch 400/1000, Loss: 0.810712

================================================================================
EPOCH 500 - LOSS COMPUTATION
================================================================================

[Engine 1] T_n=72
  HI range: [0.189405, 0.824509]
  HI[0] (first): 0.240708
  HI[71] (last): 0.824509
  Loss Term 1 contribution: 0.030797 (target: h_n(T_n)=1)
  Loss Term 2 contribution: 0.006708
  Monotonicity violations: 27/71
  Loss Term 3 contribution: 0.017365
  Convexity violations: 33/70
  Gradient (dHI/dt) stats:
    Mean: 0.008223, Std: 0.025213

[Engine 2] T_n=73
  HI range: [0.217331, 0.891814]
  HI[0] (first): 0.234255
  HI[72] (last): 0.891814
  Loss Term 1 contribution: 0.011704 (target: h_n(T_n)=1)
  Loss Term 2 contribution: 0.005470
  Monotonicity violations: 22/72
  Loss Term 3 contribution: 0.013815
  Convexity violations: 35/71
  Gradient (dHI/dt) stats:
    Mean: 0.009133, Std: 0.023478

[Engine 3] T_n=67
  HI range: [0.205623, 0.900340]
  HI[0] (first): 0.225084
  HI[66] (last): 0.900340
  Loss Term 1 contribution: 0.009932 (target: h_n(T_n)=1)
  Loss Term 2 contribution: 0.005005
  Monotonicity violations: 23/66
  Loss Term 3 contribution: 0.015280
  Convexity violations: 35/65
  Gradient (dHI/dt) stats:
    Mean: 0.010231, Std: 0.024191

[Engine 4] T_n=60
  HI range: [0.241714, 0.848114]
  HI[0] (first): 0.254550
  HI[59] (last): 0.848114
  Loss Term 1 contribution: 0.023069 (target: h_n(T_n)=1)
  Loss Term 2 contribution: 0.003982
  Monotonicity violations: 20/59
  Loss Term 3 contribution: 0.012706
  Convexity violations: 29/58
  Gradient (dHI/dt) stats:
    Mean: 0.010060, Std: 0.020615

[Engine 5] T_n=93
  HI range: [0.184711, 0.906304]
  HI[0] (first): 0.227409
  HI[92] (last): 0.906304
  Loss Term 1 contribution: 0.008779 (target: h_n(T_n)=1)
  Loss Term 2 contribution: 0.007137
  Monotonicity violations: 39/92
  Loss Term 3 contribution: 0.016651
  Convexity violations: 46/91
  Gradient (dHI/dt) stats:
    Mean: 0.007379, Std: 0.025975

[Engine 6] T_n=63
  HI range: [0.239979, 0.906873]
  HI[0] (first): 0.267194
  HI[62] (last): 0.906873
  Loss Term 1 contribution: 0.008673 (target: h_n(T_n)=1)
  Loss Term 2 contribution: 0.004194
  Monotonicity violations: 19/62
  Loss Term 3 contribution: 0.012814
  Convexity violations: 32/61
  Gradient (dHI/dt) stats:
    Mean: 0.010317, Std: 0.021459

[Engine 7] T_n=80
  HI range: [0.257004, 0.916394]
  HI[0] (first): 0.284490
  HI[79] (last): 0.916394
  Loss Term 1 contribution: 0.006990 (target: h_n(T_n)=1)
  Loss Term 2 contribution: 0.006054
  Monotonicity violations: 27/79
  Loss Term 3 contribution: 0.016463
  Convexity violations: 39/78
  Gradient (dHI/dt) stats:
    Mean: 0.007999, Std: 0.024162

[Engine 8] T_n=71
  HI range: [0.233187, 0.932534]
  HI[0] (first): 0.233187
  HI[70] (last): 0.932534
  Loss Term 1 contribution: 0.004552 (target: h_n(T_n)=1)
  Loss Term 2 contribution: 0.004318
  Monotonicity violations: 16/70
  Loss Term 3 contribution: 0.013061
  Convexity violations: 36/69
  Gradient (dHI/dt) stats:
    Mean: 0.009991, Std: 0.020685

[Engine 9] T_n=84
  HI range: [0.222529, 0.911455]
  HI[0] (first): 0.231843
  HI[83] (last): 0.911455
  Loss Term 1 contribution: 0.007840 (target: h_n(T_n)=1)
  Loss Term 2 contribution: 0.007128
  Monotonicity violations: 28/83
  Loss Term 3 contribution: 0.017081
  Convexity violations: 39/82
  Gradient (dHI/dt) stats:
    Mean: 0.008188, Std: 0.025527

================================================================================
LOSS BREAKDOWN:
  Term 0 (Initial HI <= 0.2): 0.020955 (×1.0)
  Term 1 (Target HI=1): 0.112336 (×1.0)
  Term 2 (Monotonicity): 0.049998 (×6.0)
  Term 3 (Convexity): 0.135235 (×2.0)
  Total Loss: 0.703750
================================================================================

PARAMETER GRADIENTS (averaged over 9 engines):
  W1: mean=0.00005116, std=0.00261893, max_abs=0.00360000
  b1: mean=0.00037347, std=0.00583664, max_abs=0.00659965
  W2: mean=-0.00000207, std=0.00334405, max_abs=0.00366092
  b2: mean=-0.00029589, std=0.00731803, max_abs=0.00761392
  W3: mean=0.00009572, std=0.08720129, max_abs=0.08729701
  b3: mean=-0.12509891, std=0.00000000, max_abs=0.12509891

ADAM OPTIMIZER UPDATE (step 500):
  W1: update_mean=-0.00000132, update_max_abs=0.00025732
  b1: update_mean=0.00001662, update_max_abs=0.00059156

================================================================================
EPOCH 600 - LOSS COMPUTATION
================================================================================

[Engine 1] T_n=72
  HI range: [0.188743, 0.826200]
  HI[0] (first): 0.236694
  HI[71] (last): 0.826200
  Loss Term 1 contribution: 0.030206 (target: h_n(T_n)=1)
  Loss Term 2 contribution: 0.006342
  Monotonicity violations: 27/71
  Loss Term 3 contribution: 0.016696
  Convexity violations: 33/70
  Gradient (dHI/dt) stats:
    Mean: 0.008303, Std: 0.024636

[Engine 2] T_n=73
  HI range: [0.214878, 0.908698]
  HI[0] (first): 0.230619
  HI[72] (last): 0.908698
  Loss Term 1 contribution: 0.008336 (target: h_n(T_n)=1)
  Loss Term 2 contribution: 0.005147
  Monotonicity violations: 22/72
  Loss Term 3 contribution: 0.013218
  Convexity violations: 35/71
  Gradient (dHI/dt) stats:
    Mean: 0.009418, Std: 0.022734

[Engine 3] T_n=67
  HI range: [0.203957, 0.919649]
  HI[0] (first): 0.222319
  HI[66] (last): 0.919649
  Loss Term 1 contribution: 0.006456 (target: h_n(T_n)=1)
  Loss Term 2 contribution: 0.004728
  Monotonicity violations: 23/66
  Loss Term 3 contribution: 0.014855
  Convexity violations: 34/65
  Gradient (dHI/dt) stats:
    Mean: 0.010566, Std: 0.023925

[Engine 4] T_n=60
  HI range: [0.237652, 0.854446]
  HI[0] (first): 0.249591
  HI[59] (last): 0.854446
  Loss Term 1 contribution: 0.021186 (target: h_n(T_n)=1)
  Loss Term 2 contribution: 0.003759
  Monotonicity violations: 20/59
  Loss Term 3 contribution: 0.012193
  Convexity violations: 29/58
  Gradient (dHI/dt) stats:
    Mean: 0.010252, Std: 0.020404

[Engine 5] T_n=93
  HI range: [0.184313, 0.927752]
  HI[0] (first): 0.224308
  HI[92] (last): 0.927752
  Loss Term 1 contribution: 0.005220 (target: h_n(T_n)=1)
  Loss Term 2 contribution: 0.006749
  Monotonicity violations: 39/92
  Loss Term 3 contribution: 0.016015
  Convexity violations: 46/91
  Gradient (dHI/dt) stats:
    Mean: 0.007646, Std: 0.025133

[Engine 6] T_n=63
  HI range: [0.236081, 0.927908]
  HI[0] (first): 0.261546
  HI[62] (last): 0.927908
  Loss Term 1 contribution: 0.005197 (target: h_n(T_n)=1)
  Loss Term 2 contribution: 0.003945
  Monotonicity violations: 19/62
  Loss Term 3 contribution: 0.012408
  Convexity violations: 32/61
  Gradient (dHI/dt) stats:
    Mean: 0.010748, Std: 0.021039

[Engine 7] T_n=80
  HI range: [0.251758, 0.940601]
  HI[0] (first): 0.277613
  HI[79] (last): 0.940601
  Loss Term 1 contribution: 0.003528 (target: h_n(T_n)=1)
  Loss Term 2 contribution: 0.005787
  Monotonicity violations: 27/79
  Loss Term 3 contribution: 0.016075
  Convexity violations: 39/78
  Gradient (dHI/dt) stats:
    Mean: 0.008392, Std: 0.023716

[Engine 8] T_n=71
  HI range: [0.229761, 0.962418]
  HI[0] (first): 0.229761
  HI[70] (last): 0.962418
  Loss Term 1 contribution: 0.001412 (target: h_n(T_n)=1)
  Loss Term 2 contribution: 0.004146
  Monotonicity violations: 16/70
  Loss Term 3 contribution: 0.012896
  Convexity violations: 35/69
  Gradient (dHI/dt) stats:
    Mean: 0.010467, Std: 0.020707

[Engine 9] T_n=84
  HI range: [0.219919, 0.934452]
  HI[0] (first): 0.228504
  HI[83] (last): 0.934452
  Loss Term 1 contribution: 0.004296 (target: h_n(T_n)=1)
  Loss Term 2 contribution: 0.006777
  Monotonicity violations: 28/83
  Loss Term 3 contribution: 0.016559
  Convexity violations: 39/82
  Gradient (dHI/dt) stats:
    Mean: 0.008505, Std: 0.024887

================================================================================
LOSS BREAKDOWN:
  Term 0 (Initial HI <= 0.2): 0.017342 (×1.0)
  Term 1 (Target HI=1): 0.085839 (×1.0)
  Term 2 (Monotonicity): 0.047382 (×6.0)
  Term 3 (Convexity): 0.130916 (×2.0)
  Total Loss: 0.649302
================================================================================

PARAMETER GRADIENTS (averaged over 9 engines):
  W1: mean=-0.00004087, std=0.00126542, max_abs=0.00181305
  b1: mean=0.00040927, std=0.00385757, max_abs=0.00478381
  W2: mean=-0.00000228, std=0.00197045, max_abs=0.00222816
  b2: mean=-0.00025331, std=0.00759017, max_abs=0.00784348
  W3: mean=0.00007110, std=0.06015310, max_abs=0.06022420
  b3: mean=-0.09709342, std=0.00000000, max_abs=0.09709342

ADAM OPTIMIZER UPDATE (step 600):
  W1: update_mean=-0.00000628, update_max_abs=0.00015568
  b1: update_mean=0.00002652, update_max_abs=0.00045618

Epoch 600/1000, Loss: 0.649302

================================================================================
EPOCH 700 - LOSS COMPUTATION
================================================================================

[Engine 1] T_n=72
  HI range: [0.188938, 0.826775]
  HI[0] (first): 0.234687
  HI[71] (last): 0.826775
  Loss Term 1 contribution: 0.030007 (target: h_n(T_n)=1)
  Loss Term 2 contribution: 0.006081
  Monotonicity violations: 27/71
  Loss Term 3 contribution: 0.016202
  Convexity violations: 33/70
  Gradient (dHI/dt) stats:
    Mean: 0.008339, Std: 0.024230

[Engine 2] T_n=73
  HI range: [0.213862, 0.919377]
  HI[0] (first): 0.228876
  HI[72] (last): 0.919377
  Loss Term 1 contribution: 0.006500 (target: h_n(T_n)=1)
  Loss Term 2 contribution: 0.004932
  Monotonicity violations: 22/72
  Loss Term 3 contribution: 0.012795
  Convexity violations: 34/71
  Gradient (dHI/dt) stats:
    Mean: 0.009590, Std: 0.022260

[Engine 3] T_n=67
  HI range: [0.203300, 0.932079]
  HI[0] (first): 0.220774
  HI[66] (last): 0.932079
  Loss Term 1 contribution: 0.004613 (target: h_n(T_n)=1)
  Loss Term 2 contribution: 0.004537
  Monotonicity violations: 23/66
  Loss Term 3 contribution: 0.014542
  Convexity violations: 35/65
  Gradient (dHI/dt) stats:
    Mean: 0.010777, Std: 0.023767

[Engine 4] T_n=60
  HI range: [0.235588, 0.857994]
  HI[0] (first): 0.247081
  HI[59] (last): 0.857994
  Loss Term 1 contribution: 0.020166 (target: h_n(T_n)=1)
  Loss Term 2 contribution: 0.003615
  Monotonicity violations: 20/59
  Loss Term 3 contribution: 0.011863
  Convexity violations: 29/58
  Gradient (dHI/dt) stats:
    Mean: 0.010354, Std: 0.020291

[Engine 5] T_n=93
  HI range: [0.184761, 0.940876]
  HI[0] (first): 0.222810
  HI[92] (last): 0.940876
  Loss Term 1 contribution: 0.003496 (target: h_n(T_n)=1)
  Loss Term 2 contribution: 0.006493
  Monotonicity violations: 39/92
  Loss Term 3 contribution: 0.015573
  Convexity violations: 46/91
  Gradient (dHI/dt) stats:
    Mean: 0.007805, Std: 0.024608

[Engine 6] T_n=63
  HI range: [0.234044, 0.941960]
  HI[0] (first): 0.258329
  HI[62] (last): 0.941960
  Loss Term 1 contribution: 0.003369 (target: h_n(T_n)=1)
  Loss Term 2 contribution: 0.003772
  Monotonicity violations: 19/62
  Loss Term 3 contribution: 0.012161
  Convexity violations: 32/61
  Gradient (dHI/dt) stats:
    Mean: 0.011026, Std: 0.020827

[Engine 7] T_n=80
  HI range: [0.249226, 0.956458]
  HI[0] (first): 0.273844
  HI[79] (last): 0.956458
  Loss Term 1 contribution: 0.001896 (target: h_n(T_n)=1)
  Loss Term 2 contribution: 0.005601
  Monotonicity violations: 27/79
  Loss Term 3 contribution: 0.015764
  Convexity violations: 39/78
  Gradient (dHI/dt) stats:
    Mean: 0.008641, Std: 0.023452

[Engine 8] T_n=71
  HI range: [0.227919, 0.981563]
  HI[0] (first): 0.227919
  HI[70] (last): 0.981563
  Loss Term 1 contribution: 0.000340 (target: h_n(T_n)=1)
  Loss Term 2 contribution: 0.004018
  Monotonicity violations: 16/70
  Loss Term 3 contribution: 0.012748
  Convexity violations: 36/69
  Gradient (dHI/dt) stats:
    Mean: 0.010766, Std: 0.020766

[Engine 9] T_n=84
  HI range: [0.218439, 0.948701]
  HI[0] (first): 0.226698
  HI[83] (last): 0.948701
  Loss Term 1 contribution: 0.002632 (target: h_n(T_n)=1)
  Loss Term 2 contribution: 0.006533
  Monotonicity violations: 28/83
  Loss Term 3 contribution: 0.016157
  Convexity violations: 39/82
  Gradient (dHI/dt) stats:
    Mean: 0.008699, Std: 0.024469

================================================================================
LOSS BREAKDOWN:
  Term 0 (Initial HI <= 0.2): 0.015553 (×1.0)
  Term 1 (Target HI=1): 0.073018 (×1.0)
  Term 2 (Monotonicity): 0.045582 (×6.0)
  Term 3 (Convexity): 0.127805 (×2.0)
  Total Loss: 0.617672
================================================================================

PARAMETER GRADIENTS (averaged over 9 engines):
  W1: mean=-0.00013878, std=0.00089374, max_abs=0.00164408
  b1: mean=0.00055557, std=0.00294324, max_abs=0.00425929
  W2: mean=-0.00000305, std=0.00094414, max_abs=0.00118633
  b2: mean=-0.00022039, std=0.00721366, max_abs=0.00743405
  W3: mean=0.00005554, std=0.04334224, max_abs=0.04339778
  b3: mean=-0.07848845, std=0.00000000, max_abs=0.07848845

ADAM OPTIMIZER UPDATE (step 700):
  W1: update_mean=-0.00001442, update_max_abs=0.00016546
  b1: update_mean=0.00004606, update_max_abs=0.00043313

================================================================================
EPOCH 800 - LOSS COMPUTATION
================================================================================

[Engine 1] T_n=72
  HI range: [0.189466, 0.827956]
  HI[0] (first): 0.233570
  HI[71] (last): 0.827956
  Loss Term 1 contribution: 0.029599 (target: h_n(T_n)=1)
  Loss Term 2 contribution: 0.005862
  Monotonicity violations: 27/71
  Loss Term 3 contribution: 0.015784
  Convexity violations: 33/70
  Gradient (dHI/dt) stats:
    Mean: 0.008372, Std: 0.023899

[Engine 2] T_n=73
  HI range: [0.213430, 0.926743]
  HI[0] (first): 0.227991
  HI[72] (last): 0.926743
  Loss Term 1 contribution: 0.005367 (target: h_n(T_n)=1)
  Loss Term 2 contribution: 0.004772
  Monotonicity violations: 23/72
  Loss Term 3 contribution: 0.012444
  Convexity violations: 34/71
  Gradient (dHI/dt) stats:
    Mean: 0.009705, Std: 0.021903

[Engine 3] T_n=67
  HI range: [0.202972, 0.940572]
  HI[0] (first): 0.219534
  HI[66] (last): 0.940572
  Loss Term 1 contribution: 0.003532 (target: h_n(T_n)=1)
  Loss Term 2 contribution: 0.004381
  Monotonicity violations: 23/66
  Loss Term 3 contribution: 0.014283
  Convexity violations: 35/65
  Gradient (dHI/dt) stats:
    Mean: 0.010925, Std: 0.023644

[Engine 4] T_n=60
  HI range: [0.234395, 0.860978]
  HI[0] (first): 0.245732
  HI[59] (last): 0.860978
  Loss Term 1 contribution: 0.019327 (target: h_n(T_n)=1)
  Loss Term 2 contribution: 0.003517
  Monotonicity violations: 21/59
  Loss Term 3 contribution: 0.011654
  Convexity violations: 29/58
  Gradient (dHI/dt) stats:
    Mean: 0.010428, Std: 0.020244

[Engine 5] T_n=93
  HI range: [0.185578, 0.948107]
  HI[0] (first): 0.221959
  HI[92] (last): 0.948107
  Loss Term 1 contribution: 0.002693 (target: h_n(T_n)=1)
  Loss Term 2 contribution: 0.006306
  Monotonicity violations: 39/92
  Loss Term 3 contribution: 0.015229
  Convexity violations: 46/91
  Gradient (dHI/dt) stats:
    Mean: 0.007893, Std: 0.024233

[Engine 6] T_n=63
  HI range: [0.232768, 0.952244]
  HI[0] (first): 0.256143
  HI[62] (last): 0.952244
  Loss Term 1 contribution: 0.002281 (target: h_n(T_n)=1)
  Loss Term 2 contribution: 0.003637
  Monotonicity violations: 19/62
  Loss Term 3 contribution: 0.012030
  Convexity violations: 33/61
  Gradient (dHI/dt) stats:
    Mean: 0.011227, Std: 0.020719

[Engine 7] T_n=80
  HI range: [0.248086, 0.966876]
  HI[0] (first): 0.271569
  HI[79] (last): 0.966876
  Loss Term 1 contribution: 0.001097 (target: h_n(T_n)=1)
  Loss Term 2 contribution: 0.005455
  Monotonicity violations: 27/79
  Loss Term 3 contribution: 0.015477
  Convexity violations: 39/78
  Gradient (dHI/dt) stats:
    Mean: 0.008801, Std: 0.023260

[Engine 8] T_n=71
  HI range: [0.226657, 0.992156]
  HI[0] (first): 0.226657
  HI[70] (last): 0.992156
  Loss Term 1 contribution: 0.000062 (target: h_n(T_n)=1)
  Loss Term 2 contribution: 0.003915
  Monotonicity violations: 17/70
  Loss Term 3 contribution: 0.012597
  Convexity violations: 36/69
  Gradient (dHI/dt) stats:
    Mean: 0.010936, Std: 0.020775

[Engine 9] T_n=84
  HI range: [0.217216, 0.956627]
  HI[0] (first): 0.225441
  HI[83] (last): 0.956627
  Loss Term 1 contribution: 0.001881 (target: h_n(T_n)=1)
  Loss Term 2 contribution: 0.006341
  Monotonicity violations: 28/83
  Loss Term 3 contribution: 0.015794
  Convexity violations: 39/82
  Gradient (dHI/dt) stats:
    Mean: 0.008809, Std: 0.024137

================================================================================
LOSS BREAKDOWN:
  Term 0 (Initial HI <= 0.2): 0.014498 (×1.0)
  Term 1 (Target HI=1): 0.065838 (×1.0)
  Term 2 (Monotonicity): 0.044186 (×6.0)
  Term 3 (Convexity): 0.125292 (×2.0)
  Total Loss: 0.596036
================================================================================

PARAMETER GRADIENTS (averaged over 9 engines):
  W1: mean=-0.00030161, std=0.00090999, max_abs=0.00165500
  b1: mean=0.00088878, std=0.00264104, max_abs=0.00473604
  W2: mean=-0.00000475, std=0.00031785, max_abs=0.00058339
  b2: mean=-0.00020623, std=0.00678277, max_abs=0.00698901
  W3: mean=0.00004873, std=0.03304975, max_abs=0.03309848
  b3: mean=-0.06647672, std=0.00000000, max_abs=0.06647672

ADAM OPTIMIZER UPDATE (step 800):
  W1: update_mean=-0.00003054, update_max_abs=0.00017180
  b1: update_mean=0.00008646, update_max_abs=0.00050943

Epoch 800/1000, Loss: 0.596036

================================================================================
EPOCH 900 - LOSS COMPUTATION
================================================================================

[Engine 1] T_n=72
  HI range: [0.190178, 0.830237]
  HI[0] (first): 0.232651
  HI[71] (last): 0.830237
  Loss Term 1 contribution: 0.028819 (target: h_n(T_n)=1)
  Loss Term 2 contribution: 0.005670
  Monotonicity violations: 27/71
  Loss Term 3 contribution: 0.015431
  Convexity violations: 33/70
  Gradient (dHI/dt) stats:
    Mean: 0.008417, Std: 0.023659

[Engine 2] T_n=73
  HI range: [0.213221, 0.932712]
  HI[0] (first): 0.227219
  HI[72] (last): 0.932712
  Loss Term 1 contribution: 0.004528 (target: h_n(T_n)=1)
  Loss Term 2 contribution: 0.004633
  Monotonicity violations: 23/72
  Loss Term 3 contribution: 0.012130
  Convexity violations: 33/71
  Gradient (dHI/dt) stats:
    Mean: 0.009799, Std: 0.021609

[Engine 3] T_n=67
  HI range: [0.202677, 0.947329]
  HI[0] (first): 0.218519
  HI[66] (last): 0.947329
  Loss Term 1 contribution: 0.002774 (target: h_n(T_n)=1)
  Loss Term 2 contribution: 0.004246
  Monotonicity violations: 23/66
  Loss Term 3 contribution: 0.014081
  Convexity violations: 35/65
  Gradient (dHI/dt) stats:
    Mean: 0.011043, Std: 0.023579

[Engine 4] T_n=60
  HI range: [0.233406, 0.864405]
  HI[0] (first): 0.244647
  HI[59] (last): 0.864405
  Loss Term 1 contribution: 0.018386 (target: h_n(T_n)=1)
  Loss Term 2 contribution: 0.003435
  Monotonicity violations: 21/59
  Loss Term 3 contribution: 0.011471
  Convexity violations: 29/58
  Gradient (dHI/dt) stats:
    Mean: 0.010504, Std: 0.020243

[Engine 5] T_n=93
  HI range: [0.186598, 0.952070]
  HI[0] (first): 0.221276
  HI[92] (last): 0.952070
  Loss Term 1 contribution: 0.002297 (target: h_n(T_n)=1)
  Loss Term 2 contribution: 0.006141
  Monotonicity violations: 39/92
  Loss Term 3 contribution: 0.014926
  Convexity violations: 46/91
  Gradient (dHI/dt) stats:
    Mean: 0.007943, Std: 0.023918

[Engine 6] T_n=63
  HI range: [0.231699, 0.960743]
  HI[0] (first): 0.254153
  HI[62] (last): 0.960743
  Loss Term 1 contribution: 0.001541 (target: h_n(T_n)=1)
  Loss Term 2 contribution: 0.003502
  Monotonicity violations: 19/62
  Loss Term 3 contribution: 0.011893
  Convexity violations: 34/61
  Gradient (dHI/dt) stats:
    Mean: 0.011397, Std: 0.020621

[Engine 7] T_n=80
  HI range: [0.247137, 0.974154]
  HI[0] (first): 0.269553
  HI[79] (last): 0.974154
  Loss Term 1 contribution: 0.000668 (target: h_n(T_n)=1)
  Loss Term 2 contribution: 0.005325
  Monotonicity violations: 27/79
  Loss Term 3 contribution: 0.015210
  Convexity violations: 40/78
  Gradient (dHI/dt) stats:
    Mean: 0.008919, Std: 0.023092

[Engine 8] T_n=71
  HI range: [0.225496, 0.996088]
  HI[0] (first): 0.225496
  HI[70] (last): 0.996088
  Loss Term 1 contribution: 0.000015 (target: h_n(T_n)=1)
  Loss Term 2 contribution: 0.003805
  Monotonicity violations: 17/70
  Loss Term 3 contribution: 0.012371
  Convexity violations: 36/69
  Gradient (dHI/dt) stats:
    Mean: 0.011008, Std: 0.020668

[Engine 9] T_n=84
  HI range: [0.216125, 0.960782]
  HI[0] (first): 0.224250
  HI[83] (last): 0.960782
  Loss Term 1 contribution: 0.001538 (target: h_n(T_n)=1)
  Loss Term 2 contribution: 0.006188
  Monotonicity violations: 28/83
  Loss Term 3 contribution: 0.015505
  Convexity violations: 39/82
  Gradient (dHI/dt) stats:
    Mean: 0.008874, Std: 0.023893

================================================================================
LOSS BREAKDOWN:
  Term 0 (Initial HI <= 0.2): 0.013604 (×1.0)
  Term 1 (Target HI=1): 0.060567 (×1.0)
  Term 2 (Monotonicity): 0.042946 (×6.0)
  Term 3 (Convexity): 0.123018 (×2.0)
  Total Loss: 0.577882
================================================================================

PARAMETER GRADIENTS (averaged over 9 engines):
  W1: mean=-0.00064344, std=0.00114561, max_abs=0.00259164
  b1: mean=0.00162403, std=0.00300891, max_abs=0.00662207
  W2: mean=-0.00000871, std=0.00030865, max_abs=0.00041390
  b2: mean=-0.00022244, std=0.00649929, max_abs=0.00672173
  W3: mean=0.00005212, std=0.02649060, max_abs=0.02654272
  b3: mean=-0.05860387, std=0.00000000, max_abs=0.05860387

ADAM OPTIMIZER UPDATE (step 900):
  W1: update_mean=-0.00006807, update_max_abs=0.00023790
  b1: update_mean=0.00017503, update_max_abs=0.00073551

================================================================================
EPOCH 1000 - LOSS COMPUTATION
================================================================================

[Engine 1] T_n=72
  HI range: [0.191861, 0.835174]
  HI[0] (first): 0.231777
  HI[71] (last): 0.835174
  Loss Term 1 contribution: 0.027168 (target: h_n(T_n)=1)
  Loss Term 2 contribution: 0.005422
  Monotonicity violations: 27/71
  Loss Term 3 contribution: 0.015026
  Convexity violations: 32/70
  Gradient (dHI/dt) stats:
    Mean: 0.008499, Std: 0.023448

[Engine 2] T_n=73
  HI range: [0.213436, 0.939467]
  HI[0] (first): 0.226630
  HI[72] (last): 0.939467
  Loss Term 1 contribution: 0.003664 (target: h_n(T_n)=1)
  Loss Term 2 contribution: 0.004438
  Monotonicity violations: 23/72
  Loss Term 3 contribution: 0.011728
  Convexity violations: 31/71
  Gradient (dHI/dt) stats:
    Mean: 0.009901, Std: 0.021240

[Engine 3] T_n=67
  HI range: [0.203086, 0.953967]
  HI[0] (first): 0.217793
  HI[66] (last): 0.953967
  Loss Term 1 contribution: 0.002119 (target: h_n(T_n)=1)
  Loss Term 2 contribution: 0.004047
  Monotonicity violations: 22/66
  Loss Term 3 contribution: 0.013840
  Convexity violations: 35/65
  Gradient (dHI/dt) stats:
    Mean: 0.011154, Std: 0.023501

[Engine 4] T_n=60
  HI range: [0.232444, 0.870331]
  HI[0] (first): 0.243374
  HI[59] (last): 0.870331
  Loss Term 1 contribution: 0.016814 (target: h_n(T_n)=1)
  Loss Term 2 contribution: 0.003322
  Monotonicity violations: 20/59
  Loss Term 3 contribution: 0.011209
  Convexity violations: 29/58
  Gradient (dHI/dt) stats:
    Mean: 0.010626, Std: 0.020291

[Engine 5] T_n=93
  HI range: [0.188706, 0.953359]
  HI[0] (first): 0.220860
  HI[92] (last): 0.953359
  Loss Term 1 contribution: 0.002175 (target: h_n(T_n)=1)
  Loss Term 2 contribution: 0.005907
  Monotonicity violations: 39/92
  Loss Term 3 contribution: 0.014522
  Convexity violations: 46/91
  Gradient (dHI/dt) stats:
    Mean: 0.007962, Std: 0.023457

[Engine 6] T_n=63
  HI range: [0.230686, 0.968890]
  HI[0] (first): 0.251813
  HI[62] (last): 0.968890
  Loss Term 1 contribution: 0.000968 (target: h_n(T_n)=1)
  Loss Term 2 contribution: 0.003333
  Monotonicity violations: 18/62
  Loss Term 3 contribution: 0.011572
  Convexity violations: 34/61
  Gradient (dHI/dt) stats:
    Mean: 0.011566, Std: 0.020399

[Engine 7] T_n=80
  HI range: [0.245972, 0.978729]
  HI[0] (first): 0.266895
  HI[79] (last): 0.978729
  Loss Term 1 contribution: 0.000452 (target: h_n(T_n)=1)
  Loss Term 2 contribution: 0.005163
  Monotonicity violations: 27/79
  Loss Term 3 contribution: 0.014916
  Convexity violations: 39/78
  Gradient (dHI/dt) stats:
    Mean: 0.009011, Std: 0.022813

[Engine 8] T_n=71
  HI range: [0.224516, 0.992380]
  HI[0] (first): 0.224516
  HI[70] (last): 0.992380
  Loss Term 1 contribution: 0.000058 (target: h_n(T_n)=1)
  Loss Term 2 contribution: 0.003641
  Monotonicity violations: 17/70
  Loss Term 3 contribution: 0.011975
  Convexity violations: 35/69
  Gradient (dHI/dt) stats:
    Mean: 0.010969, Std: 0.020303

[Engine 9] T_n=84
  HI range: [0.215373, 0.961246]
  HI[0] (first): 0.223271
  HI[83] (last): 0.961246
  Loss Term 1 contribution: 0.001502 (target: h_n(T_n)=1)
  Loss Term 2 contribution: 0.006017
  Monotonicity violations: 28/83
  Loss Term 3 contribution: 0.015240
  Convexity violations: 39/82
  Gradient (dHI/dt) stats:
    Mean: 0.008891, Std: 0.023638

================================================================================
LOSS BREAKDOWN:
  Term 0 (Initial HI <= 0.2): 0.012654 (×1.0)
  Term 1 (Target HI=1): 0.054921 (×1.0)
  Term 2 (Monotonicity): 0.041289 (×6.0)
  Term 3 (Convexity): 0.120029 (×2.0)
  Total Loss: 0.555367
================================================================================

PARAMETER GRADIENTS (averaged over 9 engines):
  W1: mean=-0.00134108, std=0.00177173, max_abs=0.00460885
  b1: mean=0.00325052, std=0.00488455, max_abs=0.01162697
  W2: mean=-0.00001834, std=0.00084253, max_abs=0.00134601
  b2: mean=-0.00029313, std=0.00625589, max_abs=0.00654902
  W3: mean=0.00007704, std=0.02283622, max_abs=0.02291326
  b3: mean=-0.05322880, std=0.00000000, max_abs=0.05322880

ADAM OPTIMIZER UPDATE (step 1000):
  W1: update_mean=-0.00015140, update_max_abs=0.00045170
  b1: update_mean=0.00036119, update_max_abs=0.00126296

Epoch 1000/1000, Loss: 0.555367
  MLP final loss: 0.555367
  HI monotonicity rate  : 0.6657  (목표: 높을수록 좋음)
  HI smoothness (|ΔHI|) : 0.018907 (목표: 낮을수록 좋음)

  총 실행 시간: 21.7s

======================================================================
  PIPELINE: Adaptive //50  (window=0)
======================================================================

=== Normal Range summary (A_dev index) ===
Total normal ranges : 9
  Engine 1 : [0, 156352] (len=156353)
  Engine 2 : [308489, 526119] (len=217631)
  Engine 3 : [955653, 1167122] (len=211470)
  Engine 4 : [1545490, 1752373] (len=206884)
  Engine 5 : [2084577, 2236339] (len=151763)
  Engine 6 : [2485720, 2754276] (len=268557)
  Engine 7 : [3432229, 3656713] (len=224485)
  Engine 8 : [4132089, 4383309] (len=251221)
  Engine 9 : [5207095, 5368001] (len=160907)

=== Abnormal Range summary (A_dev index) ===
Total abnormal ranges : 9
  Engine 1 : [156353, 308488] (len=152136)
  Engine 2 : [526120, 955652] (len=429533)
  Engine 3 : [1167123, 1545489] (len=378367)
  Engine 4 : [1752374, 2084576] (len=332203)
  Engine 5 : [2236340, 2485719] (len=249380)
  Engine 6 : [2754277, 3432228] (len=677952)
  Engine 7 : [3656714, 4132088] (len=475375)
  Engine 8 : [4383310, 5207094] (len=823785)
  Engine 9 : [5368002, 5571276] (len=203275)

=== DEV All Range summary (A_dev index) ===
Total dev ranges : 9
  Engine 1 : [0, 308488] (len=308489)
  Engine 2 : [308489, 955652] (len=647164)
  Engine 3 : [955653, 1545489] (len=589837)
  Engine 4 : [1545490, 2084576] (len=539087)
  Engine 5 : [2084577, 2485719] (len=401143)
  Engine 6 : [2485720, 3432228] (len=946509)
  Engine 7 : [3432229, 4132088] (len=699860)
  Engine 8 : [4132089, 5207094] (len=1075006)
  Engine 9 : [5207095, 5571276] (len=364182)

=== Test Abnormal Range summary (A_test index) ===
Total test abnormal ranges : 6
  Engine 10 : [249848, 951108] (len=701261)
  Engine 11 : [1212316, 1775600] (len=563285)
  Engine 12 : [1931041, 2181009] (len=249969)
  Engine 13 : [2432683, 3287901] (len=855219)
  Engine 14 : [3447483, 3633385] (len=185903)
  Engine 15 : [3850316, 4251559] (len=401244)

=== TEST All Range summary (A_test index) ===
Total test ranges : 6
  Engine 10 : [0, 951108] (len=951109)
  Engine 11 : [951109, 1775600] (len=824492)
  Engine 12 : [1775601, 2181009] (len=405409)
  Engine 13 : [2181010, 3287901] (len=1106892)
  Engine 14 : [3287902, 3633385] (len=345484)
  Engine 15 : [3633386, 4251559] (len=618174)

=== DEV sampling (normal state, from A_dev) ===
Target engines : [np.int64(1), np.int64(2), np.int64(3), np.int64(4), np.int64(5), np.int64(6), np.int64(7), np.int64(8), np.int64(9)]
Samples per range (K) : 20
  Engine 1 | range [0,156352] | range_len=156353 | sampled=20
  Engine 2 | range [308489,526119] | range_len=217631 | sampled=20
  Engine 3 | range [955653,1167122] | range_len=211470 | sampled=20
  Engine 4 | range [1545490,1752373] | range_len=206884 | sampled=20
  Engine 5 | range [2084577,2236339] | range_len=151763 | sampled=20
  Engine 6 | range [2485720,2754276] | range_len=268557 | sampled=20
  Engine 7 | range [3432229,3656713] | range_len=224485 | sampled=20
  Engine 8 | range [4132089,4383309] | range_len=251221 | sampled=20
  Engine 9 | range [5207095,5368001] | range_len=160907 | sampled=20

DEV sampled count by engine:
  Engine 1 : 20
  Engine 2 : 20
  Engine 3 : 20
  Engine 4 : 20
  Engine 5 : 20
  Engine 6 : 20
  Engine 7 : 20
  Engine 8 : 20
  Engine 9 : 20

Total DEV sampled indices: 180

=== DEV sampling (abnormal state, from A_dev) ===
Samples per cycle (N) : 10

Total DEV sampled indices: 6630

=== TEST sampling (abnormal state, from A_test) ===
Samples per cycle (N) : 10

Total TEST sampled indices: 4380

[Data prep] adaptive window (//50)
  Range windows: [3127, 4352, 4229, 4137, 3035, 5371, 4489, 5024, 3218]
  Training data size    : 180
  Outlier rate (>3σ)    : 0.0333
  Mean IQR (sensors)    : 28.4862

[GPR training]
  GPR Iter 10/100 - Loss: 0.9523
  GPR Iter 20/100 - Loss: 0.6015
  GPR Iter 30/100 - Loss: 0.4123
  GPR Iter 40/100 - Loss: 0.2723
  GPR Iter 50/100 - Loss: 0.1791
  GPR Iter 60/100 - Loss: 0.1344
  GPR Iter 70/100 - Loss: 0.1082
  GPR Iter 80/100 - Loss: 0.0958
  GPR Iter 90/100 - Loss: 0.0766
  GPR Iter 100/100 - Loss: -0.0045
  GPR final loss: -0.0045
  Residual STD (avg over sensors): 66.6775
  Residual MAE (avg over sensors): 47.2177
T48: mean=9.5840, std=26.8219
T50: mean=25.4086, std=14.9214
Wf: mean=0.3452, std=0.1641

[MLP training] epochs=1000
Debug epochs: [100, 200, 300, 400, 500, 600, 700, 800, 900, 1000]
Number of engines: 9
  Engine 1: 72 cycles
  Engine 2: 73 cycles
  Engine 3: 67 cycles
  Engine 4: 60 cycles
  Engine 5: 93 cycles
  Engine 6: 63 cycles
  Engine 7: 80 cycles
  Engine 8: 71 cycles
  Engine 9: 84 cycles

================================================================================
EPOCH 100 - LOSS COMPUTATION
================================================================================

[Engine 1] T_n=72
  HI range: [0.143005, 0.171586]
  HI[0] (first): 0.151326
  HI[71] (last): 0.171182
  Loss Term 1 contribution: 0.686939 (target: h_n(T_n)=1)
  Loss Term 2 contribution: 0.001647
  Monotonicity violations: 38/71
  Loss Term 3 contribution: 0.002994
  Convexity violations: 36/70
  Gradient (dHI/dt) stats:
    Mean: 0.000280, Std: 0.004483

[Engine 2] T_n=73
  HI range: [0.143465, 0.177992]
  HI[0] (first): 0.151323
  HI[72] (last): 0.174146
  Loss Term 1 contribution: 0.682034 (target: h_n(T_n)=1)
  Loss Term 2 contribution: 0.001212
  Monotonicity violations: 33/72
  Loss Term 3 contribution: 0.002409
  Convexity violations: 36/71
  Gradient (dHI/dt) stats:
    Mean: 0.000317, Std: 0.003475

[Engine 3] T_n=67
  HI range: [0.145394, 0.181116]
  HI[0] (first): 0.152373
  HI[66] (last): 0.181116
  Loss Term 1 contribution: 0.670572 (target: h_n(T_n)=1)
  Loss Term 2 contribution: 0.000936
  Monotonicity violations: 32/66
  Loss Term 3 contribution: 0.001761
  Convexity violations: 28/65
  Gradient (dHI/dt) stats:
    Mean: 0.000435, Std: 0.002800

[Engine 4] T_n=60
  HI range: [0.146689, 0.174014]
  HI[0] (first): 0.150229
  HI[59] (last): 0.174014
  Loss Term 1 contribution: 0.682253 (target: h_n(T_n)=1)
  Loss Term 2 contribution: 0.001055
  Monotonicity violations: 24/59
  Loss Term 3 contribution: 0.002093
  Convexity violations: 30/58
  Gradient (dHI/dt) stats:
    Mean: 0.000403, Std: 0.003040

[Engine 5] T_n=93
  HI range: [0.142840, 0.180875]
  HI[0] (first): 0.146630
  HI[92] (last): 0.180875
  Loss Term 1 contribution: 0.670966 (target: h_n(T_n)=1)
  Loss Term 2 contribution: 0.001763
  Monotonicity violations: 48/92
  Loss Term 3 contribution: 0.003408
  Convexity violations: 51/91
  Gradient (dHI/dt) stats:
    Mean: 0.000372, Std: 0.004949

[Engine 6] T_n=63
  HI range: [0.145157, 0.178709]
  HI[0] (first): 0.155972
  HI[62] (last): 0.178573
  Loss Term 1 contribution: 0.674743 (target: h_n(T_n)=1)
  Loss Term 2 contribution: 0.001299
  Monotonicity violations: 28/62
  Loss Term 3 contribution: 0.002690
  Convexity violations: 34/61
  Gradient (dHI/dt) stats:
    Mean: 0.000365, Std: 0.003830

[Engine 7] T_n=80
  HI range: [0.146514, 0.181413]
  HI[0] (first): 0.157257
  HI[79] (last): 0.181413
  Loss Term 1 contribution: 0.670085 (target: h_n(T_n)=1)
  Loss Term 2 contribution: 0.001213
  Monotonicity violations: 33/79
  Loss Term 3 contribution: 0.002316
  Convexity violations: 34/78
  Gradient (dHI/dt) stats:
    Mean: 0.000306, Std: 0.003425

[Engine 8] T_n=71
  HI range: [0.146377, 0.187509]
  HI[0] (first): 0.146692
  HI[70] (last): 0.187509
  Loss Term 1 contribution: 0.660142 (target: h_n(T_n)=1)
  Loss Term 2 contribution: 0.001163
  Monotonicity violations: 35/70
  Loss Term 3 contribution: 0.002394
  Convexity violations: 37/69
  Gradient (dHI/dt) stats:
    Mean: 0.000583, Std: 0.003999

[Engine 9] T_n=84
  HI range: [0.144109, 0.185461]
  HI[0] (first): 0.150362
  HI[83] (last): 0.185461
  Loss Term 1 contribution: 0.663473 (target: h_n(T_n)=1)
  Loss Term 2 contribution: 0.001707
  Monotonicity violations: 37/83
  Loss Term 3 contribution: 0.003199
  Convexity violations: 40/82
  Gradient (dHI/dt) stats:
    Mean: 0.000423, Std: 0.004672

================================================================================
LOSS BREAKDOWN:
  Term 0 (Initial HI <= 0.2): 0.000000 (×1.0)
  Term 1 (Target HI=1): 6.061207 (×1.0)
  Term 2 (Monotonicity): 0.011996 (×6.0)
  Term 3 (Convexity): 0.023265 (×2.0)
  Total Loss: 6.179715
================================================================================

PARAMETER GRADIENTS (averaged over 9 engines):
  W1: mean=-0.00003902, std=0.01821690, max_abs=0.02516930
  b1: mean=-0.00074779, std=0.05732633, max_abs=0.06125697
  W2: mean=-0.00001705, std=0.05246723, max_abs=0.05529641
  b2: mean=-0.00601938, std=0.22278060, max_abs=0.22879997
  W3: mean=0.00621520, std=0.42173328, max_abs=0.42794848
  b3: mean=-1.64126929, std=0.00000000, max_abs=1.64126929

ADAM OPTIMIZER UPDATE (step 100):
  W1: update_mean=-0.00000419, update_max_abs=0.00184829
  b1: update_mean=0.00000720, update_max_abs=0.00189165

================================================================================
EPOCH 200 - LOSS COMPUTATION
================================================================================

[Engine 1] T_n=72
  HI range: [0.374798, 0.527403]
  HI[0] (first): 0.423898
  HI[71] (last): 0.527403
  Loss Term 1 contribution: 0.223347 (target: h_n(T_n)=1)
  Loss Term 2 contribution: 0.009035
  Monotonicity violations: 34/71
  Loss Term 3 contribution: 0.016324
  Convexity violations: 35/70
  Gradient (dHI/dt) stats:
    Mean: 0.001458, Std: 0.024594

[Engine 2] T_n=73
  HI range: [0.379274, 0.554488]
  HI[0] (first): 0.425715
  HI[72] (last): 0.543061
  Loss Term 1 contribution: 0.208793 (target: h_n(T_n)=1)
  Loss Term 2 contribution: 0.006552
  Monotonicity violations: 31/72
  Loss Term 3 contribution: 0.013036
  Convexity violations: 35/71
  Gradient (dHI/dt) stats:
    Mean: 0.001630, Std: 0.018972

[Engine 3] T_n=67
  HI range: [0.392115, 0.564187]
  HI[0] (first): 0.427583
  HI[66] (last): 0.564187
  Loss Term 1 contribution: 0.189933 (target: h_n(T_n)=1)
  Loss Term 2 contribution: 0.005948
  Monotonicity violations: 30/66
  Loss Term 3 contribution: 0.011258
  Convexity violations: 29/65
  Gradient (dHI/dt) stats:
    Mean: 0.002070, Std: 0.017126

[Engine 4] T_n=60
  HI range: [0.392232, 0.539845]
  HI[0] (first): 0.418375
  HI[59] (last): 0.539845
  Loss Term 1 contribution: 0.211743 (target: h_n(T_n)=1)
  Loss Term 2 contribution: 0.006465
  Monotonicity violations: 23/59
  Loss Term 3 contribution: 0.012857
  Convexity violations: 27/58
  Gradient (dHI/dt) stats:
    Mean: 0.002059, Std: 0.018758

[Engine 5] T_n=93
  HI range: [0.373655, 0.562518]
  HI[0] (first): 0.396989
  HI[92] (last): 0.562518
  Loss Term 1 contribution: 0.191390 (target: h_n(T_n)=1)
  Loss Term 2 contribution: 0.009035
  Monotonicity violations: 44/92
  Loss Term 3 contribution: 0.017880
  Convexity violations: 45/91
  Gradient (dHI/dt) stats:
    Mean: 0.001799, Std: 0.025387

[Engine 6] T_n=63
  HI range: [0.380966, 0.552874]
  HI[0] (first): 0.442640
  HI[62] (last): 0.552657
  Loss Term 1 contribution: 0.200115 (target: h_n(T_n)=1)
  Loss Term 2 contribution: 0.007305
  Monotonicity violations: 29/62
  Loss Term 3 contribution: 0.015228
  Convexity violations: 33/61
  Gradient (dHI/dt) stats:
    Mean: 0.001774, Std: 0.021724

[Engine 7] T_n=80
  HI range: [0.402163, 0.563116]
  HI[0] (first): 0.455713
  HI[79] (last): 0.562909
  Loss Term 1 contribution: 0.191049 (target: h_n(T_n)=1)
  Loss Term 2 contribution: 0.006998
  Monotonicity violations: 37/79
  Loss Term 3 contribution: 0.013616
  Convexity violations: 36/78
  Gradient (dHI/dt) stats:
    Mean: 0.001357, Std: 0.019030

[Engine 8] T_n=71
  HI range: [0.389215, 0.583647]
  HI[0] (first): 0.389687
  HI[70] (last): 0.583647
  Loss Term 1 contribution: 0.173350 (target: h_n(T_n)=1)
  Loss Term 2 contribution: 0.006848
  Monotonicity violations: 37/70
  Loss Term 3 contribution: 0.014418
  Convexity violations: 38/69
  Gradient (dHI/dt) stats:
    Mean: 0.002771, Std: 0.022842

[Engine 9] T_n=84
  HI range: [0.382322, 0.578196]
  HI[0] (first): 0.422101
  HI[83] (last): 0.578196
  Loss Term 1 contribution: 0.177919 (target: h_n(T_n)=1)
  Loss Term 2 contribution: 0.009339
  Monotonicity violations: 35/83
  Loss Term 3 contribution: 0.017780
  Convexity violations: 39/82
  Gradient (dHI/dt) stats:
    Mean: 0.001881, Std: 0.026085

================================================================================
LOSS BREAKDOWN:
  Term 0 (Initial HI <= 0.2): 0.448937 (×1.0)
  Term 1 (Target HI=1): 1.767639 (×1.0)
  Term 2 (Monotonicity): 0.067525 (×6.0)
  Term 3 (Convexity): 0.132397 (×2.0)
  Total Loss: 2.886521
================================================================================

PARAMETER GRADIENTS (averaged over 9 engines):
  W1: mean=-0.00006218, std=0.00265497, max_abs=0.00363202
  b1: mean=-0.00006901, std=0.03000667, max_abs=0.03097281
  W2: mean=-0.00000011, std=0.02512752, max_abs=0.02602958
  b2: mean=-0.00160251, std=0.07129254, max_abs=0.07289505
  W3: mean=0.00160645, std=0.27092009, max_abs=0.27252654
  b3: mean=-0.44063887, std=0.00000000, max_abs=0.44063887

ADAM OPTIMIZER UPDATE (step 200):
  W1: update_mean=-0.00000069, update_max_abs=0.00025882
  b1: update_mean=0.00000472, update_max_abs=0.00080137

Epoch 200/1000, Loss: 2.886521

================================================================================
EPOCH 300 - LOSS COMPUTATION
================================================================================

[Engine 1] T_n=72
  HI range: [0.468584, 0.626169]
  HI[0] (first): 0.518886
  HI[71] (last): 0.626169
  Loss Term 1 contribution: 0.139749 (target: h_n(T_n)=1)
  Loss Term 2 contribution: 0.009302
  Monotonicity violations: 35/71
  Loss Term 3 contribution: 0.016746
  Convexity violations: 35/70
  Gradient (dHI/dt) stats:
    Mean: 0.001511, Std: 0.025288

[Engine 2] T_n=73
  HI range: [0.472737, 0.654153]
  HI[0] (first): 0.520853
  HI[72] (last): 0.642488
  Loss Term 1 contribution: 0.127815 (target: h_n(T_n)=1)
  Loss Term 2 contribution: 0.006798
  Monotonicity violations: 31/72
  Loss Term 3 contribution: 0.013545
  Convexity violations: 35/71
  Gradient (dHI/dt) stats:
    Mean: 0.001689, Std: 0.019713

[Engine 3] T_n=67
  HI range: [0.486284, 0.664100]
  HI[0] (first): 0.522169
  HI[66] (last): 0.664100
  Loss Term 1 contribution: 0.112829 (target: h_n(T_n)=1)
  Loss Term 2 contribution: 0.006336
  Monotonicity violations: 30/66
  Loss Term 3 contribution: 0.011993
  Convexity violations: 31/65
  Gradient (dHI/dt) stats:
    Mean: 0.002150, Std: 0.018186

[Engine 4] T_n=60
  HI range: [0.485160, 0.639074]
  HI[0] (first): 0.513052
  HI[59] (last): 0.639074
  Loss Term 1 contribution: 0.130268 (target: h_n(T_n)=1)
  Loss Term 2 contribution: 0.006775
  Monotonicity violations: 23/59
  Loss Term 3 contribution: 0.013492
  Convexity violations: 27/58
  Gradient (dHI/dt) stats:
    Mean: 0.002136, Std: 0.019744

[Engine 5] T_n=93
  HI range: [0.467371, 0.662429]
  HI[0] (first): 0.492128
  HI[92] (last): 0.662429
  Loss Term 1 contribution: 0.113954 (target: h_n(T_n)=1)
  Loss Term 2 contribution: 0.009228
  Monotonicity violations: 45/92
  Loss Term 3 contribution: 0.018302
  Convexity violations: 43/91
  Gradient (dHI/dt) stats:
    Mean: 0.001851, Std: 0.025982

[Engine 6] T_n=63
  HI range: [0.472475, 0.652034]
  HI[0] (first): 0.536888
  HI[62] (last): 0.651574
  Loss Term 1 contribution: 0.121401 (target: h_n(T_n)=1)
  Loss Term 2 contribution: 0.007690
  Monotonicity violations: 29/62
  Loss Term 3 contribution: 0.016047
  Convexity violations: 32/61
  Gradient (dHI/dt) stats:
    Mean: 0.001850, Std: 0.022922

[Engine 7] T_n=80
  HI range: [0.496243, 0.663878]
  HI[0] (first): 0.551061
  HI[79] (last): 0.662486
  Loss Term 1 contribution: 0.113915 (target: h_n(T_n)=1)
  Loss Term 2 contribution: 0.007360
  Monotonicity violations: 38/79
  Loss Term 3 contribution: 0.014306
  Convexity violations: 38/78
  Gradient (dHI/dt) stats:
    Mean: 0.001410, Std: 0.019907

[Engine 8] T_n=71
  HI range: [0.481230, 0.684255]
  HI[0] (first): 0.481908
  HI[70] (last): 0.684255
  Loss Term 1 contribution: 0.099695 (target: h_n(T_n)=1)
  Loss Term 2 contribution: 0.007242
  Monotonicity violations: 37/70
  Loss Term 3 contribution: 0.015340
  Convexity violations: 37/69
  Gradient (dHI/dt) stats:
    Mean: 0.002891, Std: 0.024149

[Engine 9] T_n=84
  HI range: [0.476542, 0.678936]
  HI[0] (first): 0.518319
  HI[83] (last): 0.678936
  Loss Term 1 contribution: 0.103082 (target: h_n(T_n)=1)
  Loss Term 2 contribution: 0.009579
  Monotonicity violations: 35/83
  Loss Term 3 contribution: 0.018296
  Convexity violations: 37/82
  Gradient (dHI/dt) stats:
    Mean: 0.001935, Std: 0.026953

================================================================================
LOSS BREAKDOWN:
  Term 0 (Initial HI <= 0.2): 0.909304 (×1.0)
  Term 1 (Target HI=1): 1.062708 (×1.0)
  Term 2 (Monotonicity): 0.070310 (×6.0)
  Term 3 (Convexity): 0.138067 (×2.0)
  Total Loss: 2.670004
================================================================================

PARAMETER GRADIENTS (averaged over 9 engines):
  W1: mean=-0.00000405, std=0.00631735, max_abs=0.00906309
  b1: mean=0.00007829, std=0.00529249, max_abs=0.00539378
  W2: mean=-0.00000097, std=0.00059759, max_abs=0.00072425
  b2: mean=-0.00000021, std=0.00245346, max_abs=0.00245367
  W3: mean=-0.00003865, std=0.04946134, max_abs=0.04949999
  b3: mean=-0.05182775, std=0.00000000, max_abs=0.05182775

ADAM OPTIMIZER UPDATE (step 300):
  W1: update_mean=-0.00000066, update_max_abs=0.00038244
  b1: update_mean=0.00000080, update_max_abs=0.00011448

================================================================================
EPOCH 400 - LOSS COMPUTATION
================================================================================

[Engine 1] T_n=72
  HI range: [0.478500, 0.630820]
  HI[0] (first): 0.525877
  HI[71] (last): 0.630820
  Loss Term 1 contribution: 0.136294 (target: h_n(T_n)=1)
  Loss Term 2 contribution: 0.008897
  Monotonicity violations: 35/71
  Loss Term 3 contribution: 0.016035
  Convexity violations: 35/70
  Gradient (dHI/dt) stats:
    Mean: 0.001478, Std: 0.024204

[Engine 2] T_n=73
  HI range: [0.482619, 0.659680]
  HI[0] (first): 0.527827
  HI[72] (last): 0.647687
  Loss Term 1 contribution: 0.124125 (target: h_n(T_n)=1)
  Loss Term 2 contribution: 0.006512
  Monotonicity violations: 31/72
  Loss Term 3 contribution: 0.013006
  Convexity violations: 36/71
  Gradient (dHI/dt) stats:
    Mean: 0.001665, Std: 0.018910

[Engine 3] T_n=67
  HI range: [0.495275, 0.670099]
  HI[0] (first): 0.529012
  HI[66] (last): 0.670099
  Loss Term 1 contribution: 0.108834 (target: h_n(T_n)=1)
  Loss Term 2 contribution: 0.006052
  Monotonicity violations: 32/66
  Loss Term 3 contribution: 0.011493
  Convexity violations: 31/65
  Gradient (dHI/dt) stats:
    Mean: 0.002138, Std: 0.017454

[Engine 4] T_n=60
  HI range: [0.494126, 0.644047]
  HI[0] (first): 0.520440
  HI[59] (last): 0.644047
  Loss Term 1 contribution: 0.126702 (target: h_n(T_n)=1)
  Loss Term 2 contribution: 0.006468
  Monotonicity violations: 23/59
  Loss Term 3 contribution: 0.012933
  Convexity violations: 27/58
  Gradient (dHI/dt) stats:
    Mean: 0.002095, Std: 0.018895

[Engine 5] T_n=93
  HI range: [0.477370, 0.668257]
  HI[0] (first): 0.500356
  HI[92] (last): 0.668257
  Loss Term 1 contribution: 0.110053 (target: h_n(T_n)=1)
  Loss Term 2 contribution: 0.008891
  Monotonicity violations: 46/92
  Loss Term 3 contribution: 0.017662
  Convexity violations: 43/91
  Gradient (dHI/dt) stats:
    Mean: 0.001825, Std: 0.025039

[Engine 6] T_n=63
  HI range: [0.482449, 0.657349]
  HI[0] (first): 0.542978
  HI[62] (last): 0.656973
  Loss Term 1 contribution: 0.117668 (target: h_n(T_n)=1)
  Loss Term 2 contribution: 0.007315
  Monotonicity violations: 29/62
  Loss Term 3 contribution: 0.015322
  Convexity violations: 32/61
  Gradient (dHI/dt) stats:
    Mean: 0.001839, Std: 0.021832

[Engine 7] T_n=80
  HI range: [0.504677, 0.669879]
  HI[0] (first): 0.556755
  HI[79] (last): 0.668344
  Loss Term 1 contribution: 0.109996 (target: h_n(T_n)=1)
  Loss Term 2 contribution: 0.007109
  Monotonicity violations: 38/79
  Loss Term 3 contribution: 0.013833
  Convexity violations: 37/78
  Gradient (dHI/dt) stats:
    Mean: 0.001413, Std: 0.019224

[Engine 8] T_n=71
  HI range: [0.490622, 0.691692]
  HI[0] (first): 0.491108
  HI[70] (last): 0.691692
  Loss Term 1 contribution: 0.095054 (target: h_n(T_n)=1)
  Loss Term 2 contribution: 0.006943
  Monotonicity violations: 37/70
  Loss Term 3 contribution: 0.014750
  Convexity violations: 36/69
  Gradient (dHI/dt) stats:
    Mean: 0.002865, Std: 0.023188

[Engine 9] T_n=84
  HI range: [0.485923, 0.685846]
  HI[0] (first): 0.525174
  HI[83] (last): 0.685846
  Loss Term 1 contribution: 0.098692 (target: h_n(T_n)=1)
  Loss Term 2 contribution: 0.009182
  Monotonicity violations: 35/83
  Loss Term 3 contribution: 0.017576
  Convexity violations: 37/82
  Gradient (dHI/dt) stats:
    Mean: 0.001936, Std: 0.025896

================================================================================
LOSS BREAKDOWN:
  Term 0 (Initial HI <= 0.2): 0.950201 (×1.0)
  Term 1 (Target HI=1): 1.027419 (×1.0)
  Term 2 (Monotonicity): 0.067370 (×6.0)
  Term 3 (Convexity): 0.132609 (×2.0)
  Total Loss: 2.647054
================================================================================

PARAMETER GRADIENTS (averaged over 9 engines):
  W1: mean=-0.00004899, std=0.00602851, max_abs=0.00713852
  b1: mean=0.00006826, std=0.00851696, max_abs=0.00864721
  W2: mean=-0.00000022, std=0.00061799, max_abs=0.00079612
  b2: mean=0.00008594, std=0.00797920, max_abs=0.00806514
  W3: mean=-0.00008056, std=0.03599431, max_abs=0.03607487
  b3: mean=-0.02593503, std=0.00000000, max_abs=0.02593503

ADAM OPTIMIZER UPDATE (step 400):
  W1: update_mean=-0.00000075, update_max_abs=0.00019481
  b1: update_mean=0.00000013, update_max_abs=0.00026672

Epoch 400/1000, Loss: 2.647054

================================================================================
EPOCH 500 - LOSS COMPUTATION
================================================================================

[Engine 1] T_n=72
  HI range: [0.472090, 0.632811]
  HI[0] (first): 0.521344
  HI[71] (last): 0.632811
  Loss Term 1 contribution: 0.134828 (target: h_n(T_n)=1)
  Loss Term 2 contribution: 0.009336
  Monotonicity violations: 35/71
  Loss Term 3 contribution: 0.016861
  Convexity violations: 35/70
  Gradient (dHI/dt) stats:
    Mean: 0.001570, Std: 0.025403

[Engine 2] T_n=73
  HI range: [0.476161, 0.664242]
  HI[0] (first): 0.523272
  HI[72] (last): 0.650917
  Loss Term 1 contribution: 0.121859 (target: h_n(T_n)=1)
  Loss Term 2 contribution: 0.006867
  Monotonicity violations: 31/72
  Loss Term 3 contribution: 0.013717
  Convexity violations: 35/71
  Gradient (dHI/dt) stats:
    Mean: 0.001773, Std: 0.019898

[Engine 3] T_n=67
  HI range: [0.489249, 0.675773]
  HI[0] (first): 0.524703
  HI[66] (last): 0.675773
  Loss Term 1 contribution: 0.105123 (target: h_n(T_n)=1)
  Loss Term 2 contribution: 0.006310
  Monotonicity violations: 30/66
  Loss Term 3 contribution: 0.012007
  Convexity violations: 30/65
  Gradient (dHI/dt) stats:
    Mean: 0.002289, Std: 0.018238

[Engine 4] T_n=60
  HI range: [0.488401, 0.647130]
  HI[0] (first): 0.515579
  HI[59] (last): 0.647130
  Loss Term 1 contribution: 0.124517 (target: h_n(T_n)=1)
  Loss Term 2 contribution: 0.006769
  Monotonicity violations: 23/59
  Loss Term 3 contribution: 0.013551
  Convexity violations: 27/58
  Gradient (dHI/dt) stats:
    Mean: 0.002230, Std: 0.019753

[Engine 5] T_n=93
  HI range: [0.470926, 0.673819]
  HI[0] (first): 0.494840
  HI[92] (last): 0.673819
  Loss Term 1 contribution: 0.106394 (target: h_n(T_n)=1)
  Loss Term 2 contribution: 0.009385
  Monotonicity violations: 44/92
  Loss Term 3 contribution: 0.018664
  Convexity violations: 43/91
  Gradient (dHI/dt) stats:
    Mean: 0.001945, Std: 0.026407

[Engine 6] T_n=63
  HI range: [0.476280, 0.661916]
  HI[0] (first): 0.539578
  HI[62] (last): 0.661440
  Loss Term 1 contribution: 0.114623 (target: h_n(T_n)=1)
  Loss Term 2 contribution: 0.007697
  Monotonicity violations: 29/62
  Loss Term 3 contribution: 0.016147
  Convexity violations: 33/61
  Gradient (dHI/dt) stats:
    Mean: 0.001966, Std: 0.022923

[Engine 7] T_n=80
  HI range: [0.499196, 0.675298]
  HI[0] (first): 0.553775
  HI[79] (last): 0.673957
  Loss Term 1 contribution: 0.106304 (target: h_n(T_n)=1)
  Loss Term 2 contribution: 0.007476
  Monotonicity violations: 38/79
  Loss Term 3 contribution: 0.014573
  Convexity violations: 37/78
  Gradient (dHI/dt) stats:
    Mean: 0.001521, Std: 0.020237

[Engine 8] T_n=71
  HI range: [0.484719, 0.699728]
  HI[0] (first): 0.485354
  HI[70] (last): 0.699728
  Loss Term 1 contribution: 0.090163 (target: h_n(T_n)=1)
  Loss Term 2 contribution: 0.007293
  Monotonicity violations: 37/70
  Loss Term 3 contribution: 0.015497
  Convexity violations: 37/69
  Gradient (dHI/dt) stats:
    Mean: 0.003062, Std: 0.024377

[Engine 9] T_n=84
  HI range: [0.479749, 0.693246]
  HI[0] (first): 0.520556
  HI[83] (last): 0.693246
  Loss Term 1 contribution: 0.094098 (target: h_n(T_n)=1)
  Loss Term 2 contribution: 0.009670
  Monotonicity violations: 35/83
  Loss Term 3 contribution: 0.018514
  Convexity violations: 37/82
  Gradient (dHI/dt) stats:
    Mean: 0.002081, Std: 0.027190

================================================================================
LOSS BREAKDOWN:
  Term 0 (Initial HI <= 0.2): 0.924372 (×1.0)
  Term 1 (Target HI=1): 0.997909 (×1.0)
  Term 2 (Monotonicity): 0.070802 (×6.0)
  Term 3 (Convexity): 0.139532 (×2.0)
  Total Loss: 2.626156
================================================================================

PARAMETER GRADIENTS (averaged over 9 engines):
  W1: mean=0.00000457, std=0.00361187, max_abs=0.00421527
  b1: mean=0.00008237, std=0.00883749, max_abs=0.00898173
  W2: mean=-0.00000109, std=0.00012604, max_abs=0.00019901
  b2: mean=0.00008482, std=0.00809730, max_abs=0.00818212
  W3: mean=-0.00006201, std=0.03482576, max_abs=0.03488778
  b3: mean=-0.02492851, std=0.00000000, max_abs=0.02492851

ADAM OPTIMIZER UPDATE (step 500):
  W1: update_mean=-0.00000062, update_max_abs=0.00017280
  b1: update_mean=-0.00000000, update_max_abs=0.00031785

================================================================================
EPOCH 600 - LOSS COMPUTATION
================================================================================

[Engine 1] T_n=72
  HI range: [0.460562, 0.635045]
  HI[0] (first): 0.513465
  HI[71] (last): 0.635045
  Loss Term 1 contribution: 0.133192 (target: h_n(T_n)=1)
  Loss Term 2 contribution: 0.010110
  Monotonicity violations: 35/71
  Loss Term 3 contribution: 0.018309
  Convexity violations: 35/70
  Gradient (dHI/dt) stats:
    Mean: 0.001712, Std: 0.027479

[Engine 2] T_n=73
  HI range: [0.465178, 0.670061]
  HI[0] (first): 0.515598
  HI[72] (last): 0.655277
  Loss Term 1 contribution: 0.118834 (target: h_n(T_n)=1)
  Loss Term 2 contribution: 0.007427
  Monotonicity violations: 31/72
  Loss Term 3 contribution: 0.014857
  Convexity violations: 35/71
  Gradient (dHI/dt) stats:
    Mean: 0.001940, Std: 0.021511

[Engine 3] T_n=67
  HI range: [0.479109, 0.682967]
  HI[0] (first): 0.517174
  HI[66] (last): 0.682967
  Loss Term 1 contribution: 0.100510 (target: h_n(T_n)=1)
  Loss Term 2 contribution: 0.006791
  Monotonicity violations: 31/66
  Loss Term 3 contribution: 0.012966
  Convexity violations: 30/65
  Gradient (dHI/dt) stats:
    Mean: 0.002512, Std: 0.019676

[Engine 4] T_n=60
  HI range: [0.478297, 0.650963]
  HI[0] (first): 0.507360
  HI[59] (last): 0.650963
  Loss Term 1 contribution: 0.121827 (target: h_n(T_n)=1)
  Loss Term 2 contribution: 0.007307
  Monotonicity violations: 23/59
  Loss Term 3 contribution: 0.014665
  Convexity violations: 27/58
  Gradient (dHI/dt) stats:
    Mean: 0.002434, Std: 0.021305

[Engine 5] T_n=93
  HI range: [0.459326, 0.680691]
  HI[0] (first): 0.484638
  HI[92] (last): 0.680691
  Loss Term 1 contribution: 0.101958 (target: h_n(T_n)=1)
  Loss Term 2 contribution: 0.010207
  Monotonicity violations: 44/92
  Loss Term 3 contribution: 0.020340
  Convexity violations: 43/91
  Gradient (dHI/dt) stats:
    Mean: 0.002131, Std: 0.028680

[Engine 6] T_n=63
  HI range: [0.465647, 0.667428]
  HI[0] (first): 0.533293
  HI[62] (last): 0.667032
  Loss Term 1 contribution: 0.110868 (target: h_n(T_n)=1)
  Loss Term 2 contribution: 0.008279
  Monotonicity violations: 29/62
  Loss Term 3 contribution: 0.017414
  Convexity violations: 33/61
  Gradient (dHI/dt) stats:
    Mean: 0.002157, Std: 0.024633

[Engine 7] T_n=80
  HI range: [0.489974, 0.682291]
  HI[0] (first): 0.548710
  HI[79] (last): 0.680932
  Loss Term 1 contribution: 0.101804 (target: h_n(T_n)=1)
  Loss Term 2 contribution: 0.008107
  Monotonicity violations: 38/79
  Loss Term 3 contribution: 0.015829
  Convexity violations: 37/78
  Gradient (dHI/dt) stats:
    Mean: 0.001674, Std: 0.021929

[Engine 8] T_n=71
  HI range: [0.474621, 0.709993]
  HI[0] (first): 0.475149
  HI[70] (last): 0.709993
  Loss Term 1 contribution: 0.084104 (target: h_n(T_n)=1)
  Loss Term 2 contribution: 0.007873
  Monotonicity violations: 37/70
  Loss Term 3 contribution: 0.016758
  Convexity violations: 37/69
  Gradient (dHI/dt) stats:
    Mean: 0.003355, Std: 0.026302

[Engine 9] T_n=84
  HI range: [0.468704, 0.702511]
  HI[0] (first): 0.512289
  HI[83] (last): 0.702511
  Loss Term 1 contribution: 0.088500 (target: h_n(T_n)=1)
  Loss Term 2 contribution: 0.010488
  Monotonicity violations: 35/83
  Loss Term 3 contribution: 0.020127
  Convexity violations: 37/82
  Gradient (dHI/dt) stats:
    Mean: 0.002292, Std: 0.029449

================================================================================
LOSS BREAKDOWN:
  Term 0 (Initial HI <= 0.2): 0.879865 (×1.0)
  Term 1 (Target HI=1): 0.961596 (×1.0)
  Term 2 (Monotonicity): 0.076588 (×6.0)
  Term 3 (Convexity): 0.151264 (×2.0)
  Total Loss: 2.603520
================================================================================

PARAMETER GRADIENTS (averaged over 9 engines):
  W1: mean=-0.00001837, std=0.00181394, max_abs=0.00227376
  b1: mean=0.00007367, std=0.00843100, max_abs=0.00853124
  W2: mean=-0.00000049, std=0.00044425, max_abs=0.00062647
  b2: mean=0.00006954, std=0.00690766, max_abs=0.00697720
  W3: mean=-0.00004175, std=0.03478120, max_abs=0.03482295
  b3: mean=-0.02820264, std=0.00000000, max_abs=0.02820264

ADAM OPTIMIZER UPDATE (step 600):
  W1: update_mean=-0.00000041, update_max_abs=0.00006098
  b1: update_mean=0.00000007, update_max_abs=0.00034081

Epoch 600/1000, Loss: 2.603520

================================================================================
EPOCH 700 - LOSS COMPUTATION
================================================================================

[Engine 1] T_n=72
  HI range: [0.448052, 0.637329]
  HI[0] (first): 0.504715
  HI[71] (last): 0.637329
  Loss Term 1 contribution: 0.131531 (target: h_n(T_n)=1)
  Loss Term 2 contribution: 0.010929
  Monotonicity violations: 35/71
  Loss Term 3 contribution: 0.019841
  Convexity violations: 35/70
  Gradient (dHI/dt) stats:
    Mean: 0.001868, Std: 0.029681

[Engine 2] T_n=73
  HI range: [0.453015, 0.676319]
  HI[0] (first): 0.506999
  HI[72] (last): 0.659774
  Loss Term 1 contribution: 0.115753 (target: h_n(T_n)=1)
  Loss Term 2 contribution: 0.008043
  Monotonicity violations: 31/72
  Loss Term 3 contribution: 0.016109
  Convexity violations: 35/71
  Gradient (dHI/dt) stats:
    Mean: 0.002122, Std: 0.023266

[Engine 3] T_n=67
  HI range: [0.467852, 0.690806]
  HI[0] (first): 0.508765
  HI[66] (last): 0.690806
  Loss Term 1 contribution: 0.095601 (target: h_n(T_n)=1)
  Loss Term 2 contribution: 0.007312
  Monotonicity violations: 31/66
  Loss Term 3 contribution: 0.013997
  Convexity violations: 30/65
  Gradient (dHI/dt) stats:
    Mean: 0.002758, Std: 0.021224

[Engine 4] T_n=60
  HI range: [0.467120, 0.654996]
  HI[0] (first): 0.498163
  HI[59] (last): 0.654996
  Loss Term 1 contribution: 0.119027 (target: h_n(T_n)=1)
  Loss Term 2 contribution: 0.007884
  Monotonicity violations: 23/59
  Loss Term 3 contribution: 0.015856
  Convexity violations: 27/58
  Gradient (dHI/dt) stats:
    Mean: 0.002658, Std: 0.022969

[Engine 5] T_n=93
  HI range: [0.446739, 0.688242]
  HI[0] (first): 0.473682
  HI[92] (last): 0.688242
  Loss Term 1 contribution: 0.097193 (target: h_n(T_n)=1)
  Loss Term 2 contribution: 0.011083
  Monotonicity violations: 44/92
  Loss Term 3 contribution: 0.022131
  Convexity violations: 43/91
  Gradient (dHI/dt) stats:
    Mean: 0.002332, Std: 0.031105

[Engine 6] T_n=63
  HI range: [0.453729, 0.673435]
  HI[0] (first): 0.526245
  HI[62] (last): 0.673026
  Loss Term 1 contribution: 0.106912 (target: h_n(T_n)=1)
  Loss Term 2 contribution: 0.008937
  Monotonicity violations: 29/62
  Loss Term 3 contribution: 0.018843
  Convexity violations: 33/61
  Gradient (dHI/dt) stats:
    Mean: 0.002367, Std: 0.026554

[Engine 7] T_n=80
  HI range: [0.479604, 0.689909]
  HI[0] (first): 0.542857
  HI[79] (last): 0.688560
  Loss Term 1 contribution: 0.096995 (target: h_n(T_n)=1)
  Loss Term 2 contribution: 0.008788
  Monotonicity violations: 38/79
  Loss Term 3 contribution: 0.017191
  Convexity violations: 36/78
  Gradient (dHI/dt) stats:
    Mean: 0.001844, Std: 0.023764

[Engine 8] T_n=71
  HI range: [0.463278, 0.721302]
  HI[0] (first): 0.463823
  HI[70] (last): 0.721302
  Loss Term 1 contribution: 0.077673 (target: h_n(T_n)=1)
  Loss Term 2 contribution: 0.008512
  Monotonicity violations: 37/70
  Loss Term 3 contribution: 0.018148
  Convexity violations: 37/69
  Gradient (dHI/dt) stats:
    Mean: 0.003678, Std: 0.028437

[Engine 9] T_n=84
  HI range: [0.456708, 0.712785]
  HI[0] (first): 0.503309
  HI[83] (last): 0.712785
  Loss Term 1 contribution: 0.082492 (target: h_n(T_n)=1)
  Loss Term 2 contribution: 0.011362
  Monotonicity violations: 35/83
  Loss Term 3 contribution: 0.021848
  Convexity violations: 37/82
  Gradient (dHI/dt) stats:
    Mean: 0.002524, Std: 0.031846

================================================================================
LOSS BREAKDOWN:
  Term 0 (Initial HI <= 0.2): 0.831825 (×1.0)
  Term 1 (Target HI=1): 0.923178 (×1.0)
  Term 2 (Monotonicity): 0.082850 (×6.0)
  Term 3 (Convexity): 0.163965 (×2.0)
  Total Loss: 2.580031
================================================================================

PARAMETER GRADIENTS (averaged over 9 engines):
  W1: mean=-0.00003357, std=0.00593470, max_abs=0.00657159
  b1: mean=0.00006909, std=0.00765666, max_abs=0.00782402
  W2: mean=-0.00000006, std=0.00082724, max_abs=0.00107228
  b2: mean=0.00004952, std=0.00516837, max_abs=0.00521790
  W3: mean=-0.00002389, std=0.03430568, max_abs=0.03432957
  b3: mean=-0.03213823, std=0.00000000, max_abs=0.03213823

ADAM OPTIMIZER UPDATE (step 700):
  W1: update_mean=-0.00000036, update_max_abs=0.00010905
  b1: update_mean=0.00000025, update_max_abs=0.00034380

================================================================================
EPOCH 800 - LOSS COMPUTATION
================================================================================

[Engine 1] T_n=72
  HI range: [0.435855, 0.639745]
  HI[0] (first): 0.496088
  HI[71] (last): 0.639745
  Loss Term 1 contribution: 0.129784 (target: h_n(T_n)=1)
  Loss Term 2 contribution: 0.011725
  Monotonicity violations: 35/71
  Loss Term 3 contribution: 0.021334
  Convexity violations: 35/70
  Gradient (dHI/dt) stats:
    Mean: 0.002023, Std: 0.031825

[Engine 2] T_n=73
  HI range: [0.440994, 0.682844]
  HI[0] (first): 0.498458
  HI[72] (last): 0.664342
  Loss Term 1 contribution: 0.112666 (target: h_n(T_n)=1)
  Loss Term 2 contribution: 0.008659
  Monotonicity violations: 31/72
  Loss Term 3 contribution: 0.017360
  Convexity violations: 35/71
  Gradient (dHI/dt) stats:
    Mean: 0.002304, Std: 0.025008

[Engine 3] T_n=67
  HI range: [0.456701, 0.699033]
  HI[0] (first): 0.500469
  HI[66] (last): 0.699033
  Loss Term 1 contribution: 0.090581 (target: h_n(T_n)=1)
  Loss Term 2 contribution: 0.007817
  Monotonicity violations: 29/66
  Loss Term 3 contribution: 0.014998
  Convexity violations: 29/65
  Gradient (dHI/dt) stats:
    Mean: 0.003009, Std: 0.022727

[Engine 4] T_n=60
  HI range: [0.456134, 0.659194]
  HI[0] (first): 0.489038
  HI[59] (last): 0.659194
  Loss Term 1 contribution: 0.116149 (target: h_n(T_n)=1)
  Loss Term 2 contribution: 0.008445
  Monotonicity violations: 23/59
  Loss Term 3 contribution: 0.017014
  Convexity violations: 27/58
  Gradient (dHI/dt) stats:
    Mean: 0.002884, Std: 0.024583

[Engine 5] T_n=93
  HI range: [0.434469, 0.696228]
  HI[0] (first): 0.463084
  HI[92] (last): 0.696228
  Loss Term 1 contribution: 0.092278 (target: h_n(T_n)=1)
  Loss Term 2 contribution: 0.011947
  Monotonicity violations: 44/92
  Loss Term 3 contribution: 0.023900
  Convexity violations: 43/91
  Gradient (dHI/dt) stats:
    Mean: 0.002534, Std: 0.033496

[Engine 6] T_n=63
  HI range: [0.441927, 0.679805]
  HI[0] (first): 0.519343
  HI[62] (last): 0.679306
  Loss Term 1 contribution: 0.102845 (target: h_n(T_n)=1)
  Loss Term 2 contribution: 0.009606
  Monotonicity violations: 29/62
  Loss Term 3 contribution: 0.020297
  Convexity violations: 33/61
  Gradient (dHI/dt) stats:
    Mean: 0.002580, Std: 0.028491

[Engine 7] T_n=80
  HI range: [0.469161, 0.697854]
  HI[0] (first): 0.537001
  HI[79] (last): 0.696613
  Loss Term 1 contribution: 0.092044 (target: h_n(T_n)=1)
  Loss Term 2 contribution: 0.009457
  Monotonicity violations: 38/79
  Loss Term 3 contribution: 0.018534
  Convexity violations: 37/78
  Gradient (dHI/dt) stats:
    Mean: 0.002020, Std: 0.025577

[Engine 8] T_n=71
  HI range: [0.452029, 0.733224]
  HI[0] (first): 0.452688
  HI[70] (last): 0.733224
  Loss Term 1 contribution: 0.071169 (target: h_n(T_n)=1)
  Loss Term 2 contribution: 0.009146
  Monotonicity violations: 37/70
  Loss Term 3 contribution: 0.019534
  Convexity violations: 38/69
  Gradient (dHI/dt) stats:
    Mean: 0.004008, Std: 0.030576

[Engine 9] T_n=84
  HI range: [0.445004, 0.723668]
  HI[0] (first): 0.494552
  HI[83] (last): 0.723668
  Loss Term 1 contribution: 0.076359 (target: h_n(T_n)=1)
  Loss Term 2 contribution: 0.012221
  Monotonicity violations: 35/83
  Loss Term 3 contribution: 0.023537
  Convexity violations: 37/82
  Gradient (dHI/dt) stats:
    Mean: 0.002760, Std: 0.034180

================================================================================
LOSS BREAKDOWN:
  Term 0 (Initial HI <= 0.2): 0.785945 (×1.0)
  Term 1 (Target HI=1): 0.883875 (×1.0)
  Term 2 (Monotonicity): 0.089023 (×6.0)
  Term 3 (Convexity): 0.176507 (×2.0)
  Total Loss: 2.556972
================================================================================

PARAMETER GRADIENTS (averaged over 9 engines):
  W1: mean=0.00001378, std=0.00431076, max_abs=0.00482454
  b1: mean=0.00007882, std=0.00673451, max_abs=0.00698814
  W2: mean=-0.00000066, std=0.00100062, max_abs=0.00117832
  b2: mean=0.00003131, std=0.00334750, max_abs=0.00337881
  W3: mean=-0.00001291, std=0.03277040, max_abs=0.03278332
  b3: mean=-0.03509481, std=0.00000000, max_abs=0.03509481

ADAM OPTIMIZER UPDATE (step 800):
  W1: update_mean=-0.00000066, update_max_abs=0.00009829
  b1: update_mean=0.00000073, update_max_abs=0.00033408

Epoch 800/1000, Loss: 2.556972

================================================================================
EPOCH 900 - LOSS COMPUTATION
================================================================================

[Engine 1] T_n=72
  HI range: [0.425232, 0.642028]
  HI[0] (first): 0.488335
  HI[71] (last): 0.642028
  Loss Term 1 contribution: 0.128144 (target: h_n(T_n)=1)
  Loss Term 2 contribution: 0.012409
  Monotonicity violations: 35/71
  Loss Term 3 contribution: 0.022614
  Convexity violations: 35/70
  Gradient (dHI/dt) stats:
    Mean: 0.002165, Std: 0.033668

[Engine 2] T_n=73
  HI range: [0.430396, 0.689061]
  HI[0] (first): 0.490769
  HI[72] (last): 0.668649
  Loss Term 1 contribution: 0.109794 (target: h_n(T_n)=1)
  Loss Term 2 contribution: 0.009204
  Monotonicity violations: 31/72
  Loss Term 3 contribution: 0.018475
  Convexity violations: 35/71
  Gradient (dHI/dt) stats:
    Mean: 0.002471, Std: 0.026553

[Engine 3] T_n=67
  HI range: [0.446840, 0.706907]
  HI[0] (first): 0.492928
  HI[66] (last): 0.706907
  Loss Term 1 contribution: 0.085903 (target: h_n(T_n)=1)
  Loss Term 2 contribution: 0.008275
  Monotonicity violations: 29/66
  Loss Term 3 contribution: 0.015914
  Convexity violations: 29/65
  Gradient (dHI/dt) stats:
    Mean: 0.003242, Std: 0.024097

[Engine 4] T_n=60
  HI range: [0.446289, 0.663172]
  HI[0] (first): 0.480825
  HI[59] (last): 0.663172
  Loss Term 1 contribution: 0.113453 (target: h_n(T_n)=1)
  Loss Term 2 contribution: 0.008941
  Monotonicity violations: 23/59
  Loss Term 3 contribution: 0.018044
  Convexity violations: 27/58
  Gradient (dHI/dt) stats:
    Mean: 0.003091, Std: 0.026023

[Engine 5] T_n=93
  HI range: [0.423784, 0.703897]
  HI[0] (first): 0.453870
  HI[92] (last): 0.703897
  Loss Term 1 contribution: 0.087677 (target: h_n(T_n)=1)
  Loss Term 2 contribution: 0.012692
  Monotonicity violations: 44/92
  Loss Term 3 contribution: 0.025442
  Convexity violations: 43/91
  Gradient (dHI/dt) stats:
    Mean: 0.002718, Std: 0.035571

[Engine 6] T_n=63
  HI range: [0.431260, 0.685826]
  HI[0] (first): 0.512915
  HI[62] (last): 0.685172
  Loss Term 1 contribution: 0.099117 (target: h_n(T_n)=1)
  Loss Term 2 contribution: 0.010212
  Monotonicity violations: 29/62
  Loss Term 3 contribution: 0.021621
  Convexity violations: 33/61
  Gradient (dHI/dt) stats:
    Mean: 0.002778, Std: 0.030246

[Engine 7] T_n=80
  HI range: [0.459805, 0.705601]
  HI[0] (first): 0.531529
  HI[79] (last): 0.704278
  Loss Term 1 contribution: 0.087451 (target: h_n(T_n)=1)
  Loss Term 2 contribution: 0.010066
  Monotonicity violations: 38/79
  Loss Term 3 contribution: 0.019757
  Convexity violations: 37/78
  Gradient (dHI/dt) stats:
    Mean: 0.002187, Std: 0.027218

[Engine 8] T_n=71
  HI range: [0.441834, 0.744758]
  HI[0] (first): 0.442644
  HI[70] (last): 0.744758
  Loss Term 1 contribution: 0.065149 (target: h_n(T_n)=1)
  Loss Term 2 contribution: 0.009725
  Monotonicity violations: 37/70
  Loss Term 3 contribution: 0.020816
  Convexity violations: 38/69
  Gradient (dHI/dt) stats:
    Mean: 0.004316, Std: 0.032539

[Engine 9] T_n=84
  HI range: [0.434796, 0.734254]
  HI[0] (first): 0.486887
  HI[83] (last): 0.734254
  Loss Term 1 contribution: 0.070621 (target: h_n(T_n)=1)
  Loss Term 2 contribution: 0.012961
  Monotonicity violations: 35/83
  Loss Term 3 contribution: 0.025010
  Convexity violations: 37/82
  Gradient (dHI/dt) stats:
    Mean: 0.002980, Std: 0.036219

================================================================================
LOSS BREAKDOWN:
  Term 0 (Initial HI <= 0.2): 0.745811 (×1.0)
  Term 1 (Target HI=1): 0.847309 (×1.0)
  Term 2 (Monotonicity): 0.094485 (×6.0)
  Term 3 (Convexity): 0.187694 (×2.0)
  Total Loss: 2.535416
================================================================================

PARAMETER GRADIENTS (averaged over 9 engines):
  W1: mean=0.00000810, std=0.00385093, max_abs=0.00478972
  b1: mean=0.00008258, std=0.00574176, max_abs=0.00610452
  W2: mean=-0.00000046, std=0.00107351, max_abs=0.00122958
  b2: mean=0.00001410, std=0.00161261, max_abs=0.00162671
  W3: mean=-0.00000407, std=0.03057291, max_abs=0.03057699
  b3: mean=-0.03692953, std=0.00000000, max_abs=0.03692953

ADAM OPTIMIZER UPDATE (step 900):
  W1: update_mean=-0.00000085, update_max_abs=0.00011160
  b1: update_mean=0.00000137, update_max_abs=0.00031416

================================================================================
EPOCH 1000 - LOSS COMPUTATION
================================================================================

[Engine 1] T_n=72
  HI range: [0.415715, 0.644008]
  HI[0] (first): 0.481606
  HI[71] (last): 0.644008
  Loss Term 1 contribution: 0.126730 (target: h_n(T_n)=1)
  Loss Term 2 contribution: 0.013041
  Monotonicity violations: 35/71
  Loss Term 3 contribution: 0.023825
  Convexity violations: 35/70
  Gradient (dHI/dt) stats:
    Mean: 0.002287, Std: 0.035339

[Engine 2] T_n=73
  HI range: [0.421758, 0.694812]
  HI[0] (first): 0.484366
  HI[72] (last): 0.673152
  Loss Term 1 contribution: 0.106830 (target: h_n(T_n)=1)
  Loss Term 2 contribution: 0.009635
  Monotonicity violations: 31/72
  Loss Term 3 contribution: 0.019375
  Convexity violations: 35/71
  Gradient (dHI/dt) stats:
    Mean: 0.002622, Std: 0.027832

[Engine 3] T_n=67
  HI range: [0.438761, 0.714082]
  HI[0] (first): 0.486501
  HI[66] (last): 0.714082
  Loss Term 1 contribution: 0.081749 (target: h_n(T_n)=1)
  Loss Term 2 contribution: 0.008669
  Monotonicity violations: 32/66
  Loss Term 3 contribution: 0.016712
  Convexity violations: 30/65
  Gradient (dHI/dt) stats:
    Mean: 0.003448, Std: 0.025308

[Engine 4] T_n=60
  HI range: [0.438033, 0.666837]
  HI[0] (first): 0.474036
  HI[59] (last): 0.666837
  Loss Term 1 contribution: 0.110998 (target: h_n(T_n)=1)
  Loss Term 2 contribution: 0.009369
  Monotonicity violations: 23/59
  Loss Term 3 contribution: 0.018973
  Convexity violations: 27/58
  Gradient (dHI/dt) stats:
    Mean: 0.003268, Std: 0.027283

[Engine 5] T_n=93
  HI range: [0.414220, 0.710525]
  HI[0] (first): 0.444911
  HI[92] (last): 0.710525
  Loss Term 1 contribution: 0.083796 (target: h_n(T_n)=1)
  Loss Term 2 contribution: 0.013386
  Monotonicity violations: 44/92
  Loss Term 3 contribution: 0.026897
  Convexity violations: 45/91
  Gradient (dHI/dt) stats:
    Mean: 0.002887, Std: 0.037495

[Engine 6] T_n=63
  HI range: [0.423004, 0.690964]
  HI[0] (first): 0.507315
  HI[62] (last): 0.690636
  Loss Term 1 contribution: 0.095706 (target: h_n(T_n)=1)
  Loss Term 2 contribution: 0.010606
  Monotonicity violations: 29/62
  Loss Term 3 contribution: 0.022528
  Convexity violations: 33/61
  Gradient (dHI/dt) stats:
    Mean: 0.002957, Std: 0.031449

[Engine 7] T_n=80
  HI range: [0.452573, 0.712602]
  HI[0] (first): 0.527235
  HI[79] (last): 0.711084
  Loss Term 1 contribution: 0.083473 (target: h_n(T_n)=1)
  Loss Term 2 contribution: 0.010601
  Monotonicity violations: 37/79
  Loss Term 3 contribution: 0.020849
  Convexity violations: 36/78
  Gradient (dHI/dt) stats:
    Mean: 0.002327, Std: 0.028627

[Engine 8] T_n=71
  HI range: [0.433937, 0.755536]
  HI[0] (first): 0.434374
  HI[70] (last): 0.755536
  Loss Term 1 contribution: 0.059763 (target: h_n(T_n)=1)
  Loss Term 2 contribution: 0.010181
  Monotonicity violations: 37/70
  Loss Term 3 contribution: 0.021840
  Convexity violations: 37/69
  Gradient (dHI/dt) stats:
    Mean: 0.004588, Std: 0.034057

[Engine 9] T_n=84
  HI range: [0.425599, 0.743604]
  HI[0] (first): 0.479519
  HI[83] (last): 0.743604
  Loss Term 1 contribution: 0.065739 (target: h_n(T_n)=1)
  Loss Term 2 contribution: 0.013621
  Monotonicity violations: 35/83
  Loss Term 3 contribution: 0.026367
  Convexity violations: 37/82
  Gradient (dHI/dt) stats:
    Mean: 0.003182, Std: 0.038093

================================================================================
LOSS BREAKDOWN:
  Term 0 (Initial HI <= 0.2): 0.711914 (×1.0)
  Term 1 (Target HI=1): 0.814782 (×1.0)
  Term 2 (Monotonicity): 0.099109 (×6.0)
  Term 3 (Convexity): 0.197366 (×2.0)
  Total Loss: 2.516080
================================================================================

PARAMETER GRADIENTS (averaged over 9 engines):
  W1: mean=-0.00011559, std=0.02135681, max_abs=0.02321867
  b1: mean=0.00008692, std=0.00472257, max_abs=0.00523485
  W2: mean=0.00000047, std=0.00113394, max_abs=0.00166469
  b2: mean=-0.00000386, std=0.00000854, max_abs=0.00001239
  W3: mean=0.00000958, std=0.02809430, max_abs=0.02810388
  b3: mean=-0.03792717, std=0.00000000, max_abs=0.03792717

ADAM OPTIMIZER UPDATE (step 1000):
  W1: update_mean=-0.00000137, update_max_abs=0.00017385
  b1: update_mean=0.00000248, update_max_abs=0.00029495

Epoch 1000/1000, Loss: 2.516080
  MLP final loss: 2.516080
  HI monotonicity rate  : 0.5411  (목표: 높을수록 좋음)
  HI smoothness (|ΔHI|) : 0.024675 (목표: 낮을수록 좋음)

  총 실행 시간: 21.1s

======================================================================
  PIPELINE: Adaptive //150  (window=0)
======================================================================

=== Normal Range summary (A_dev index) ===
Total normal ranges : 9
  Engine 1 : [0, 156352] (len=156353)
  Engine 2 : [308489, 526119] (len=217631)
  Engine 3 : [955653, 1167122] (len=211470)
  Engine 4 : [1545490, 1752373] (len=206884)
  Engine 5 : [2084577, 2236339] (len=151763)
  Engine 6 : [2485720, 2754276] (len=268557)
  Engine 7 : [3432229, 3656713] (len=224485)
  Engine 8 : [4132089, 4383309] (len=251221)
  Engine 9 : [5207095, 5368001] (len=160907)

=== Abnormal Range summary (A_dev index) ===
Total abnormal ranges : 9
  Engine 1 : [156353, 308488] (len=152136)
  Engine 2 : [526120, 955652] (len=429533)
  Engine 3 : [1167123, 1545489] (len=378367)
  Engine 4 : [1752374, 2084576] (len=332203)
  Engine 5 : [2236340, 2485719] (len=249380)
  Engine 6 : [2754277, 3432228] (len=677952)
  Engine 7 : [3656714, 4132088] (len=475375)
  Engine 8 : [4383310, 5207094] (len=823785)
  Engine 9 : [5368002, 5571276] (len=203275)

=== DEV All Range summary (A_dev index) ===
Total dev ranges : 9
  Engine 1 : [0, 308488] (len=308489)
  Engine 2 : [308489, 955652] (len=647164)
  Engine 3 : [955653, 1545489] (len=589837)
  Engine 4 : [1545490, 2084576] (len=539087)
  Engine 5 : [2084577, 2485719] (len=401143)
  Engine 6 : [2485720, 3432228] (len=946509)
  Engine 7 : [3432229, 4132088] (len=699860)
  Engine 8 : [4132089, 5207094] (len=1075006)
  Engine 9 : [5207095, 5571276] (len=364182)

=== Test Abnormal Range summary (A_test index) ===
Total test abnormal ranges : 6
  Engine 10 : [249848, 951108] (len=701261)
  Engine 11 : [1212316, 1775600] (len=563285)
  Engine 12 : [1931041, 2181009] (len=249969)
  Engine 13 : [2432683, 3287901] (len=855219)
  Engine 14 : [3447483, 3633385] (len=185903)
  Engine 15 : [3850316, 4251559] (len=401244)

=== TEST All Range summary (A_test index) ===
Total test ranges : 6
  Engine 10 : [0, 951108] (len=951109)
  Engine 11 : [951109, 1775600] (len=824492)
  Engine 12 : [1775601, 2181009] (len=405409)
  Engine 13 : [2181010, 3287901] (len=1106892)
  Engine 14 : [3287902, 3633385] (len=345484)
  Engine 15 : [3633386, 4251559] (len=618174)

=== DEV sampling (normal state, from A_dev) ===
Target engines : [np.int64(1), np.int64(2), np.int64(3), np.int64(4), np.int64(5), np.int64(6), np.int64(7), np.int64(8), np.int64(9)]
Samples per range (K) : 20
  Engine 1 | range [0,156352] | range_len=156353 | sampled=20
  Engine 2 | range [308489,526119] | range_len=217631 | sampled=20
  Engine 3 | range [955653,1167122] | range_len=211470 | sampled=20
  Engine 4 | range [1545490,1752373] | range_len=206884 | sampled=20
  Engine 5 | range [2084577,2236339] | range_len=151763 | sampled=20
  Engine 6 | range [2485720,2754276] | range_len=268557 | sampled=20
  Engine 7 | range [3432229,3656713] | range_len=224485 | sampled=20
  Engine 8 | range [4132089,4383309] | range_len=251221 | sampled=20
  Engine 9 | range [5207095,5368001] | range_len=160907 | sampled=20

DEV sampled count by engine:
  Engine 1 : 20
  Engine 2 : 20
  Engine 3 : 20
  Engine 4 : 20
  Engine 5 : 20
  Engine 6 : 20
  Engine 7 : 20
  Engine 8 : 20
  Engine 9 : 20

Total DEV sampled indices: 180

=== DEV sampling (abnormal state, from A_dev) ===
Samples per cycle (N) : 10

Total DEV sampled indices: 6630

=== TEST sampling (abnormal state, from A_test) ===
Samples per cycle (N) : 10

Total TEST sampled indices: 4380

[Data prep] adaptive window (//150)
  Range windows: [1042, 1450, 1409, 1379, 1011, 1790, 1496, 1674, 1072]
  Training data size    : 180
  Outlier rate (>3σ)    : 0.0056
  Mean IQR (sensors)    : 65.5219

[GPR training]
  GPR Iter 10/100 - Loss: 0.8809
  GPR Iter 20/100 - Loss: 0.4187
  GPR Iter 30/100 - Loss: 0.0227
  GPR Iter 40/100 - Loss: -0.2067
  GPR Iter 50/100 - Loss: -0.2848
  GPR Iter 60/100 - Loss: -0.3405
  GPR Iter 70/100 - Loss: -0.3644
  GPR Iter 80/100 - Loss: -0.3885
  GPR Iter 90/100 - Loss: -0.4302
  GPR Iter 100/100 - Loss: -0.4929
  GPR final loss: -0.4929
  Residual STD (avg over sensors): 93.9058
  Residual MAE (avg over sensors): 39.2752
T48: mean=68.5946, std=29.8375
T50: mean=39.1852, std=15.1371
Wf: mean=0.4935, std=0.1700

[MLP training] epochs=1000
Debug epochs: [100, 200, 300, 400, 500, 600, 700, 800, 900, 1000]
Number of engines: 9
  Engine 1: 72 cycles
  Engine 2: 73 cycles
  Engine 3: 67 cycles
  Engine 4: 60 cycles
  Engine 5: 93 cycles
  Engine 6: 63 cycles
  Engine 7: 80 cycles
  Engine 8: 71 cycles
  Engine 9: 84 cycles

================================================================================
EPOCH 100 - LOSS COMPUTATION
================================================================================

[Engine 1] T_n=72
  HI range: [0.146705, 0.168198]
  HI[0] (first): 0.150105
  HI[71] (last): 0.168198
  Loss Term 1 contribution: 0.691895 (target: h_n(T_n)=1)
  Loss Term 2 contribution: 0.000644
  Monotonicity violations: 31/71
  Loss Term 3 contribution: 0.001353
  Convexity violations: 39/70
  Gradient (dHI/dt) stats:
    Mean: 0.000255, Std: 0.001999

[Engine 2] T_n=73
  HI range: [0.143013, 0.172446]
  HI[0] (first): 0.150343
  HI[72] (last): 0.171995
  Loss Term 1 contribution: 0.685592 (target: h_n(T_n)=1)
  Loss Term 2 contribution: 0.000867
  Monotonicity violations: 32/72
  Loss Term 3 contribution: 0.001744
  Convexity violations: 39/71
  Gradient (dHI/dt) stats:
    Mean: 0.000301, Std: 0.002622

[Engine 3] T_n=67
  HI range: [0.144648, 0.175543]
  HI[0] (first): 0.152925
  HI[66] (last): 0.175543
  Loss Term 1 contribution: 0.679729 (target: h_n(T_n)=1)
  Loss Term 2 contribution: 0.000634
  Monotonicity violations: 26/66
  Loss Term 3 contribution: 0.001276
  Convexity violations: 30/65
  Gradient (dHI/dt) stats:
    Mean: 0.000343, Std: 0.002155

[Engine 4] T_n=60
  HI range: [0.148197, 0.170568]
  HI[0] (first): 0.150717
  HI[59] (last): 0.170568
  Loss Term 1 contribution: 0.687958 (target: h_n(T_n)=1)
  Loss Term 2 contribution: 0.000656
  Monotonicity violations: 24/59
  Loss Term 3 contribution: 0.001299
  Convexity violations: 28/58
  Gradient (dHI/dt) stats:
    Mean: 0.000336, Std: 0.002188

[Engine 5] T_n=93
  HI range: [0.146567, 0.176295]
  HI[0] (first): 0.148829
  HI[92] (last): 0.176295
  Loss Term 1 contribution: 0.678490 (target: h_n(T_n)=1)
  Loss Term 2 contribution: 0.000659
  Monotonicity violations: 45/92
  Loss Term 3 contribution: 0.001373
  Convexity violations: 50/91
  Gradient (dHI/dt) stats:
    Mean: 0.000299, Std: 0.002113

[Engine 6] T_n=63
  HI range: [0.147252, 0.175221]
  HI[0] (first): 0.153560
  HI[62] (last): 0.175221
  Loss Term 1 contribution: 0.680260 (target: h_n(T_n)=1)
  Loss Term 2 contribution: 0.000869
  Monotonicity violations: 25/62
  Loss Term 3 contribution: 0.001862
  Convexity violations: 32/61
  Gradient (dHI/dt) stats:
    Mean: 0.000349, Std: 0.002680

[Engine 7] T_n=80
  HI range: [0.146100, 0.177083]
  HI[0] (first): 0.155443
  HI[79] (last): 0.177083
  Loss Term 1 contribution: 0.677192 (target: h_n(T_n)=1)
  Loss Term 2 contribution: 0.000766
  Monotonicity violations: 36/79
  Loss Term 3 contribution: 0.001482
  Convexity violations: 39/78
  Gradient (dHI/dt) stats:
    Mean: 0.000274, Std: 0.002308

[Engine 8] T_n=71
  HI range: [0.148270, 0.181533]
  HI[0] (first): 0.149182
  HI[70] (last): 0.181533
  Loss Term 1 contribution: 0.669888 (target: h_n(T_n)=1)
  Loss Term 2 contribution: 0.000862
  Monotonicity violations: 30/70
  Loss Term 3 contribution: 0.001809
  Convexity violations: 38/69
  Gradient (dHI/dt) stats:
    Mean: 0.000462, Std: 0.002948

[Engine 9] T_n=84
  HI range: [0.147629, 0.177068]
  HI[0] (first): 0.150354
  HI[83] (last): 0.177068
  Loss Term 1 contribution: 0.677218 (target: h_n(T_n)=1)
  Loss Term 2 contribution: 0.000655
  Monotonicity violations: 31/83
  Loss Term 3 contribution: 0.001354
  Convexity violations: 44/82
  Gradient (dHI/dt) stats:
    Mean: 0.000322, Std: 0.002021

================================================================================
LOSS BREAKDOWN:
  Term 0 (Initial HI <= 0.2): 0.000000 (×1.0)
  Term 1 (Target HI=1): 6.128223 (×1.0)
  Term 2 (Monotonicity): 0.006612 (×6.0)
  Term 3 (Convexity): 0.013552 (×2.0)
  Total Loss: 6.195000
================================================================================

PARAMETER GRADIENTS (averaged over 9 engines):
  W1: mean=-0.00007178, std=0.02150807, max_abs=0.02959554
  b1: mean=-0.00238496, std=0.05570369, max_abs=0.06004222
  W2: mean=-0.00003560, std=0.05374473, max_abs=0.05742530
  b2: mean=-0.00581086, std=0.22465772, max_abs=0.23046858
  W3: mean=0.00687368, std=0.41858624, max_abs=0.42545993
  b3: mean=-1.65033259, std=0.00000000, max_abs=1.65033259

ADAM OPTIMIZER UPDATE (step 100):
  W1: update_mean=0.00000404, update_max_abs=0.00192553
  b1: update_mean=0.00002177, update_max_abs=0.00194475

================================================================================
EPOCH 200 - LOSS COMPUTATION
================================================================================

[Engine 1] T_n=72
  HI range: [0.387370, 0.534294]
  HI[0] (first): 0.417425
  HI[71] (last): 0.534294
  Loss Term 1 contribution: 0.216882 (target: h_n(T_n)=1)
  Loss Term 2 contribution: 0.004964
  Monotonicity violations: 32/71
  Loss Term 3 contribution: 0.010378
  Convexity violations: 36/70
  Gradient (dHI/dt) stats:
    Mean: 0.001646, Std: 0.015229

[Engine 2] T_n=73
  HI range: [0.359739, 0.555390]
  HI[0] (first): 0.421394
  HI[72] (last): 0.553778
  Loss Term 1 contribution: 0.199114 (target: h_n(T_n)=1)
  Loss Term 2 contribution: 0.006227
  Monotonicity violations: 30/72
  Loss Term 3 contribution: 0.012314
  Convexity violations: 40/71
  Gradient (dHI/dt) stats:
    Mean: 0.001839, Std: 0.018518

[Engine 3] T_n=67
  HI range: [0.373974, 0.569518]
  HI[0] (first): 0.435618
  HI[66] (last): 0.569518
  Loss Term 1 contribution: 0.185315 (target: h_n(T_n)=1)
  Loss Term 2 contribution: 0.004724
  Monotonicity violations: 30/66
  Loss Term 3 contribution: 0.009470
  Convexity violations: 32/65
  Gradient (dHI/dt) stats:
    Mean: 0.002029, Std: 0.015544

[Engine 4] T_n=60
  HI range: [0.402580, 0.545197]
  HI[0] (first): 0.419548
  HI[59] (last): 0.545197
  Loss Term 1 contribution: 0.206846 (target: h_n(T_n)=1)
  Loss Term 2 contribution: 0.004794
  Monotonicity violations: 23/59
  Loss Term 3 contribution: 0.009501
  Convexity violations: 27/58
  Gradient (dHI/dt) stats:
    Mean: 0.002130, Std: 0.015588

[Engine 5] T_n=93
  HI range: [0.386191, 0.571738]
  HI[0] (first): 0.405872
  HI[92] (last): 0.571738
  Loss Term 1 contribution: 0.183408 (target: h_n(T_n)=1)
  Loss Term 2 contribution: 0.004921
  Monotonicity violations: 45/92
  Loss Term 3 contribution: 0.010156
  Convexity violations: 50/91
  Gradient (dHI/dt) stats:
    Mean: 0.001803, Std: 0.015153

[Engine 6] T_n=63
  HI range: [0.390526, 0.566265]
  HI[0] (first): 0.444090
  HI[62] (last): 0.566265
  Loss Term 1 contribution: 0.188126 (target: h_n(T_n)=1)
  Loss Term 2 contribution: 0.006444
  Monotonicity violations: 28/62
  Loss Term 3 contribution: 0.013458
  Convexity violations: 32/61
  Gradient (dHI/dt) stats:
    Mean: 0.001971, Std: 0.019723

[Engine 7] T_n=80
  HI range: [0.387532, 0.574757]
  HI[0] (first): 0.454569
  HI[79] (last): 0.574757
  Loss Term 1 contribution: 0.180832 (target: h_n(T_n)=1)
  Loss Term 2 contribution: 0.005248
  Monotonicity violations: 36/79
  Loss Term 3 contribution: 0.010161
  Convexity violations: 38/78
  Gradient (dHI/dt) stats:
    Mean: 0.001521, Std: 0.015418

[Engine 8] T_n=71
  HI range: [0.395985, 0.592053]
  HI[0] (first): 0.409714
  HI[70] (last): 0.592053
  Loss Term 1 contribution: 0.166421 (target: h_n(T_n)=1)
  Loss Term 2 contribution: 0.006203
  Monotonicity violations: 31/70
  Loss Term 3 contribution: 0.012845
  Convexity violations: 37/69
  Gradient (dHI/dt) stats:
    Mean: 0.002605, Std: 0.020609

[Engine 9] T_n=84
  HI range: [0.395147, 0.575883]
  HI[0] (first): 0.417680
  HI[83] (last): 0.575883
  Loss Term 1 contribution: 0.179875 (target: h_n(T_n)=1)
  Loss Term 2 contribution: 0.005019
  Monotonicity violations: 33/83
  Loss Term 3 contribution: 0.010159
  Convexity violations: 43/82
  Gradient (dHI/dt) stats:
    Mean: 0.001906, Std: 0.014989

================================================================================
LOSS BREAKDOWN:
  Term 0 (Initial HI <= 0.2): 0.458139 (×1.0)
  Term 1 (Target HI=1): 1.706818 (×1.0)
  Term 2 (Monotonicity): 0.048543 (×6.0)
  Term 3 (Convexity): 0.098443 (×2.0)
  Total Loss: 2.653102
================================================================================

PARAMETER GRADIENTS (averaged over 9 engines):
  W1: mean=-0.00000604, std=0.01025746, max_abs=0.01577419
  b1: mean=-0.00021826, std=0.01860374, max_abs=0.01925716
  W2: mean=-0.00000305, std=0.03080189, max_abs=0.03198770
  b2: mean=-0.00151399, std=0.05575445, max_abs=0.05726844
  W3: mean=0.00172826, std=0.30021126, max_abs=0.30193952
  b3: mean=-0.42013466, std=0.00000000, max_abs=0.42013466

ADAM OPTIMIZER UPDATE (step 200):
  W1: update_mean=0.00000507, update_max_abs=0.00090385
  b1: update_mean=0.00001055, update_max_abs=0.00063370

Epoch 200/1000, Loss: 2.653102

================================================================================
EPOCH 300 - LOSS COMPUTATION
================================================================================

[Engine 1] T_n=72
  HI range: [0.436460, 0.644181]
  HI[0] (first): 0.481327
  HI[71] (last): 0.644181
  Loss Term 1 contribution: 0.126607 (target: h_n(T_n)=1)
  Loss Term 2 contribution: 0.007155
  Monotonicity violations: 33/71
  Loss Term 3 contribution: 0.014904
  Convexity violations: 36/70
  Gradient (dHI/dt) stats:
    Mean: 0.002294, Std: 0.021711

[Engine 2] T_n=73
  HI range: [0.399617, 0.672277]
  HI[0] (first): 0.489286
  HI[72] (last): 0.668877
  Loss Term 1 contribution: 0.109642 (target: h_n(T_n)=1)
  Loss Term 2 contribution: 0.008803
  Monotonicity violations: 30/72
  Loss Term 3 contribution: 0.017312
  Convexity violations: 40/71
  Gradient (dHI/dt) stats:
    Mean: 0.002494, Std: 0.025839

[Engine 3] T_n=67
  HI range: [0.421006, 0.689351]
  HI[0] (first): 0.506555
  HI[66] (last): 0.689351
  Loss Term 1 contribution: 0.096503 (target: h_n(T_n)=1)
  Loss Term 2 contribution: 0.006979
  Monotonicity violations: 30/66
  Loss Term 3 contribution: 0.013780
  Convexity violations: 32/65
  Gradient (dHI/dt) stats:
    Mean: 0.002770, Std: 0.022343

[Engine 4] T_n=60
  HI range: [0.460997, 0.657493]
  HI[0] (first): 0.483874
  HI[59] (last): 0.657493
  Loss Term 1 contribution: 0.117311 (target: h_n(T_n)=1)
  Loss Term 2 contribution: 0.006979
  Monotonicity violations: 23/59
  Loss Term 3 contribution: 0.013737
  Convexity violations: 30/58
  Gradient (dHI/dt) stats:
    Mean: 0.002943, Std: 0.022468

[Engine 5] T_n=93
  HI range: [0.434665, 0.691938]
  HI[0] (first): 0.464677
  HI[92] (last): 0.691938
  Loss Term 1 contribution: 0.094902 (target: h_n(T_n)=1)
  Loss Term 2 contribution: 0.006976
  Monotonicity violations: 45/92
  Loss Term 3 contribution: 0.014311
  Convexity violations: 49/91
  Gradient (dHI/dt) stats:
    Mean: 0.002470, Std: 0.021321

[Engine 6] T_n=63
  HI range: [0.431869, 0.683879]
  HI[0] (first): 0.519292
  HI[62] (last): 0.683879
  Loss Term 1 contribution: 0.099932 (target: h_n(T_n)=1)
  Loss Term 2 contribution: 0.009667
  Monotonicity violations: 27/62
  Loss Term 3 contribution: 0.020052
  Convexity violations: 32/61
  Gradient (dHI/dt) stats:
    Mean: 0.002655, Std: 0.029467

[Engine 7] T_n=80
  HI range: [0.440887, 0.695647]
  HI[0] (first): 0.533140
  HI[79] (last): 0.695647
  Loss Term 1 contribution: 0.092631 (target: h_n(T_n)=1)
  Loss Term 2 contribution: 0.007466
  Monotonicity violations: 36/79
  Loss Term 3 contribution: 0.014431
  Convexity violations: 40/78
  Gradient (dHI/dt) stats:
    Mean: 0.002057, Std: 0.021597

[Engine 8] T_n=71
  HI range: [0.440182, 0.716756]
  HI[0] (first): 0.468313
  HI[70] (last): 0.716756
  Loss Term 1 contribution: 0.080227 (target: h_n(T_n)=1)
  Loss Term 2 contribution: 0.009324
  Monotonicity violations: 33/70
  Loss Term 3 contribution: 0.019067
  Convexity violations: 35/69
  Gradient (dHI/dt) stats:
    Mean: 0.003549, Std: 0.030577

[Engine 9] T_n=84
  HI range: [0.448202, 0.697422]
  HI[0] (first): 0.481815
  HI[83] (last): 0.697422
  Loss Term 1 contribution: 0.091553 (target: h_n(T_n)=1)
  Loss Term 2 contribution: 0.007216
  Monotonicity violations: 32/83
  Loss Term 3 contribution: 0.014529
  Convexity violations: 43/82
  Gradient (dHI/dt) stats:
    Mean: 0.002598, Std: 0.021371

================================================================================
LOSS BREAKDOWN:
  Term 0 (Initial HI <= 0.2): 0.771788 (×1.0)
  Term 1 (Target HI=1): 0.909309 (×1.0)
  Term 2 (Monotonicity): 0.070565 (×6.0)
  Term 3 (Convexity): 0.142124 (×2.0)
  Total Loss: 2.388737
================================================================================

PARAMETER GRADIENTS (averaged over 9 engines):
  W1: mean=0.00024323, std=0.00323199, max_abs=0.00488220
  b1: mean=0.00025516, std=0.01893356, max_abs=0.01922745
  W2: mean=0.00000002, std=0.00096241, max_abs=0.00141343
  b2: mean=0.00012717, std=0.01851275, max_abs=0.01863992
  W3: mean=-0.00011207, std=0.07988457, max_abs=0.07999664
  b3: mean=-0.05026101, std=0.00000000, max_abs=0.05026101

ADAM OPTIMIZER UPDATE (step 300):
  W1: update_mean=0.00002598, update_max_abs=0.00019543
  b1: update_mean=-0.00000844, update_max_abs=0.00052861

================================================================================
EPOCH 400 - LOSS COMPUTATION
================================================================================

[Engine 1] T_n=72
  HI range: [0.402057, 0.656068]
  HI[0] (first): 0.455585
  HI[71] (last): 0.656068
  Loss Term 1 contribution: 0.118289 (target: h_n(T_n)=1)
  Loss Term 2 contribution: 0.008642
  Monotonicity violations: 33/71
  Loss Term 3 contribution: 0.018030
  Convexity violations: 36/70
  Gradient (dHI/dt) stats:
    Mean: 0.002824, Std: 0.026101

[Engine 2] T_n=73
  HI range: [0.359789, 0.691498]
  HI[0] (first): 0.465395
  HI[72] (last): 0.687001
  Loss Term 1 contribution: 0.097968 (target: h_n(T_n)=1)
  Loss Term 2 contribution: 0.010623
  Monotonicity violations: 30/72
  Loss Term 3 contribution: 0.020946
  Convexity violations: 40/71
  Gradient (dHI/dt) stats:
    Mean: 0.003078, Std: 0.030920

[Engine 3] T_n=67
  HI range: [0.384731, 0.713250]
  HI[0] (first): 0.485313
  HI[66] (last): 0.713250
  Loss Term 1 contribution: 0.082226 (target: h_n(T_n)=1)
  Loss Term 2 contribution: 0.008446
  Monotonicity violations: 30/66
  Loss Term 3 contribution: 0.016737
  Convexity violations: 31/65
  Gradient (dHI/dt) stats:
    Mean: 0.003454, Std: 0.026873

[Engine 4] T_n=60
  HI range: [0.431560, 0.672504]
  HI[0] (first): 0.458307
  HI[59] (last): 0.672504
  Loss Term 1 contribution: 0.107254 (target: h_n(T_n)=1)
  Loss Term 2 contribution: 0.008480
  Monotonicity violations: 23/59
  Loss Term 3 contribution: 0.016770
  Convexity violations: 30/58
  Gradient (dHI/dt) stats:
    Mean: 0.003630, Std: 0.027232

[Engine 5] T_n=93
  HI range: [0.399939, 0.716343]
  HI[0] (first): 0.435673
  HI[92] (last): 0.716343
  Loss Term 1 contribution: 0.080462 (target: h_n(T_n)=1)
  Loss Term 2 contribution: 0.008469
  Monotonicity violations: 44/92
  Loss Term 3 contribution: 0.017415
  Convexity violations: 49/91
  Gradient (dHI/dt) stats:
    Mean: 0.003051, Std: 0.025810

[Engine 6] T_n=63
  HI range: [0.395359, 0.705895]
  HI[0] (first): 0.501107
  HI[62] (last): 0.705895
  Loss Term 1 contribution: 0.086498 (target: h_n(T_n)=1)
  Loss Term 2 contribution: 0.011770
  Monotonicity violations: 27/62
  Loss Term 3 contribution: 0.024530
  Convexity violations: 32/61
  Gradient (dHI/dt) stats:
    Mean: 0.003303, Std: 0.035710

[Engine 7] T_n=80
  HI range: [0.408128, 0.720871]
  HI[0] (first): 0.517834
  HI[79] (last): 0.720871
  Loss Term 1 contribution: 0.077913 (target: h_n(T_n)=1)
  Loss Term 2 contribution: 0.009123
  Monotonicity violations: 36/79
  Loss Term 3 contribution: 0.017709
  Convexity violations: 39/78
  Gradient (dHI/dt) stats:
    Mean: 0.002570, Std: 0.026219

[Engine 8] T_n=71
  HI range: [0.405175, 0.747937]
  HI[0] (first): 0.439772
  HI[70] (last): 0.747937
  Loss Term 1 contribution: 0.063536 (target: h_n(T_n)=1)
  Loss Term 2 contribution: 0.011400
  Monotonicity violations: 33/70
  Loss Term 3 contribution: 0.023417
  Convexity violations: 36/69
  Gradient (dHI/dt) stats:
    Mean: 0.004402, Std: 0.037296

[Engine 9] T_n=84
  HI range: [0.415941, 0.723537]
  HI[0] (first): 0.456077
  HI[83] (last): 0.723537
  Loss Term 1 contribution: 0.076432 (target: h_n(T_n)=1)
  Loss Term 2 contribution: 0.008743
  Monotonicity violations: 32/83
  Loss Term 3 contribution: 0.017655
  Convexity violations: 43/82
  Gradient (dHI/dt) stats:
    Mean: 0.003222, Std: 0.025820

================================================================================
LOSS BREAKDOWN:
  Term 0 (Initial HI <= 0.2): 0.654175 (×1.0)
  Term 1 (Target HI=1): 0.790576 (×1.0)
  Term 2 (Monotonicity): 0.085697 (×6.0)
  Term 3 (Convexity): 0.173209 (×2.0)
  Total Loss: 2.305349
================================================================================

PARAMETER GRADIENTS (averaged over 9 engines):
  W1: mean=0.00034435, std=0.00511237, max_abs=0.00584991
  b1: mean=0.00015127, std=0.01879342, max_abs=0.01903557
  W2: mean=0.00000099, std=0.00079572, max_abs=0.00133563
  b2: mean=0.00011697, std=0.01679655, max_abs=0.01691351
  W3: mean=-0.00008221, std=0.07342607, max_abs=0.07350828
  b3: mean=-0.05367396, std=0.00000000, max_abs=0.05367396

ADAM OPTIMIZER UPDATE (step 400):
  W1: update_mean=0.00003503, update_max_abs=0.00019186
  b1: update_mean=-0.00001263, update_max_abs=0.00063364

Epoch 400/1000, Loss: 2.305349

================================================================================
EPOCH 500 - LOSS COMPUTATION
================================================================================

[Engine 1] T_n=72
  HI range: [0.366221, 0.663549]
  HI[0] (first): 0.426833
  HI[71] (last): 0.663549
  Loss Term 1 contribution: 0.113199 (target: h_n(T_n)=1)
  Loss Term 2 contribution: 0.009944
  Monotonicity violations: 33/71
  Loss Term 3 contribution: 0.020820
  Convexity violations: 36/70
  Gradient (dHI/dt) stats:
    Mean: 0.003334, Std: 0.030012

[Engine 2] T_n=73
  HI range: [0.319127, 0.706711]
  HI[0] (first): 0.437847
  HI[72] (last): 0.701350
  Loss Term 1 contribution: 0.089192 (target: h_n(T_n)=1)
  Loss Term 2 contribution: 0.012245
  Monotonicity violations: 30/72
  Loss Term 3 contribution: 0.024260
  Convexity violations: 40/71
  Gradient (dHI/dt) stats:
    Mean: 0.003660, Std: 0.035477

[Engine 3] T_n=67
  HI range: [0.346621, 0.734369]
  HI[0] (first): 0.460104
  HI[66] (last): 0.734369
  Loss Term 1 contribution: 0.070560 (target: h_n(T_n)=1)
  Loss Term 2 contribution: 0.009645
  Monotonicity violations: 30/66
  Loss Term 3 contribution: 0.019332
  Convexity violations: 31/65
  Gradient (dHI/dt) stats:
    Mean: 0.004156, Std: 0.030755

[Engine 4] T_n=60
  HI range: [0.399362, 0.683430]
  HI[0] (first): 0.429458
  HI[59] (last): 0.683430
  Loss Term 1 contribution: 0.100216 (target: h_n(T_n)=1)
  Loss Term 2 contribution: 0.009801
  Monotonicity violations: 23/59
  Loss Term 3 contribution: 0.019468
  Convexity violations: 30/58
  Gradient (dHI/dt) stats:
    Mean: 0.004305, Std: 0.031400

[Engine 5] T_n=93
  HI range: [0.363866, 0.737941]
  HI[0] (first): 0.403939
  HI[92] (last): 0.737941
  Loss Term 1 contribution: 0.068675 (target: h_n(T_n)=1)
  Loss Term 2 contribution: 0.009863
  Monotonicity violations: 44/92
  Loss Term 3 contribution: 0.020358
  Convexity violations: 49/91
  Gradient (dHI/dt) stats:
    Mean: 0.003630, Std: 0.030012

[Engine 6] T_n=63
  HI range: [0.360154, 0.725020]
  HI[0] (first): 0.479047
  HI[62] (last): 0.725020
  Loss Term 1 contribution: 0.075614 (target: h_n(T_n)=1)
  Loss Term 2 contribution: 0.013503
  Monotonicity violations: 27/62
  Loss Term 3 contribution: 0.028330
  Convexity violations: 32/61
  Gradient (dHI/dt) stats:
    Mean: 0.003967, Std: 0.040837

[Engine 7] T_n=80
  HI range: [0.373194, 0.743226]
  HI[0] (first): 0.498381
  HI[79] (last): 0.743226
  Loss Term 1 contribution: 0.065933 (target: h_n(T_n)=1)
  Loss Term 2 contribution: 0.010648
  Monotonicity violations: 36/79
  Loss Term 3 contribution: 0.020758
  Convexity violations: 39/78
  Gradient (dHI/dt) stats:
    Mean: 0.003099, Std: 0.030492

[Engine 8] T_n=71
  HI range: [0.371080, 0.777838]
  HI[0] (first): 0.409356
  HI[70] (last): 0.777838
  Loss Term 1 contribution: 0.049356 (target: h_n(T_n)=1)
  Loss Term 2 contribution: 0.013127
  Monotonicity violations: 32/70
  Loss Term 3 contribution: 0.027142
  Convexity violations: 35/69
  Gradient (dHI/dt) stats:
    Mean: 0.005264, Std: 0.042991

[Engine 9] T_n=84
  HI range: [0.381707, 0.747264]
  HI[0] (first): 0.427038
  HI[83] (last): 0.747264
  Loss Term 1 contribution: 0.063875 (target: h_n(T_n)=1)
  Loss Term 2 contribution: 0.010123
  Monotonicity violations: 32/83
  Loss Term 3 contribution: 0.020510
  Convexity violations: 42/82
  Gradient (dHI/dt) stats:
    Mean: 0.003858, Std: 0.029827

================================================================================
LOSS BREAKDOWN:
  Term 0 (Initial HI <= 0.2): 0.532195 (×1.0)
  Term 1 (Target HI=1): 0.696620 (×1.0)
  Term 2 (Monotonicity): 0.098899 (×6.0)
  Term 3 (Convexity): 0.200979 (×2.0)
  Total Loss: 2.224164
================================================================================

PARAMETER GRADIENTS (averaged over 9 engines):
  W1: mean=0.00018639, std=0.00366981, max_abs=0.00518621
  b1: mean=0.00002774, std=0.01516623, max_abs=0.01540265
  W2: mean=0.00000221, std=0.00145342, max_abs=0.00190500
  b2: mean=0.00003877, std=0.00971106, max_abs=0.00974983
  W3: mean=-0.00002590, std=0.07023214, max_abs=0.07025804
  b3: mean=-0.06977987, std=0.00000000, max_abs=0.06977987

ADAM OPTIMIZER UPDATE (step 500):
  W1: update_mean=0.00002331, update_max_abs=0.00017273
  b1: update_mean=-0.00001346, update_max_abs=0.00057913

================================================================================
EPOCH 600 - LOSS COMPUTATION
================================================================================

[Engine 1] T_n=72
  HI range: [0.339607, 0.669587]
  HI[0] (first): 0.404225
  HI[71] (last): 0.669587
  Loss Term 1 contribution: 0.109173 (target: h_n(T_n)=1)
  Loss Term 2 contribution: 0.010815
  Monotonicity violations: 33/71
  Loss Term 3 contribution: 0.022742
  Convexity violations: 36/70
  Gradient (dHI/dt) stats:
    Mean: 0.003737, Std: 0.032693

[Engine 2] T_n=73
  HI range: [0.288727, 0.720146]
  HI[0] (first): 0.415833
  HI[72] (last): 0.713717
  Loss Term 1 contribution: 0.081958 (target: h_n(T_n)=1)
  Loss Term 2 contribution: 0.013430
  Monotonicity violations: 30/72
  Loss Term 3 contribution: 0.026728
  Convexity violations: 40/71
  Gradient (dHI/dt) stats:
    Mean: 0.004137, Std: 0.038859

[Engine 3] T_n=67
  HI range: [0.317630, 0.753218]
  HI[0] (first): 0.440827
  HI[66] (last): 0.753218
  Loss Term 1 contribution: 0.060901 (target: h_n(T_n)=1)
  Loss Term 2 contribution: 0.010454
  Monotonicity violations: 30/66
  Loss Term 3 contribution: 0.021141
  Convexity violations: 31/65
  Gradient (dHI/dt) stats:
    Mean: 0.004733, Std: 0.033498

[Engine 4] T_n=60
  HI range: [0.374290, 0.693148]
  HI[0] (first): 0.407370
  HI[59] (last): 0.693148
  Loss Term 1 contribution: 0.094158 (target: h_n(T_n)=1)
  Loss Term 2 contribution: 0.010717
  Monotonicity violations: 23/59
  Loss Term 3 contribution: 0.021330
  Convexity violations: 29/58
  Gradient (dHI/dt) stats:
    Mean: 0.004844, Std: 0.034343

[Engine 5] T_n=93
  HI range: [0.337117, 0.757764]
  HI[0] (first): 0.379532
  HI[92] (last): 0.757764
  Loss Term 1 contribution: 0.058678 (target: h_n(T_n)=1)
  Loss Term 2 contribution: 0.010837
  Monotonicity violations: 44/92
  Loss Term 3 contribution: 0.022486
  Convexity violations: 49/91
  Gradient (dHI/dt) stats:
    Mean: 0.004111, Std: 0.033045

[Engine 6] T_n=63
  HI range: [0.335178, 0.742641]
  HI[0] (first): 0.461284
  HI[62] (last): 0.742641
  Loss Term 1 contribution: 0.066234 (target: h_n(T_n)=1)
  Loss Term 2 contribution: 0.014719
  Monotonicity violations: 27/62
  Loss Term 3 contribution: 0.031078
  Convexity violations: 32/61
  Gradient (dHI/dt) stats:
    Mean: 0.004538, Std: 0.044345

[Engine 7] T_n=80
  HI range: [0.346202, 0.764050]
  HI[0] (first): 0.482797
  HI[79] (last): 0.764050
  Loss Term 1 contribution: 0.055672 (target: h_n(T_n)=1)
  Loss Term 2 contribution: 0.011780
  Monotonicity violations: 35/79
  Loss Term 3 contribution: 0.023059
  Convexity violations: 39/78
  Gradient (dHI/dt) stats:
    Mean: 0.003560, Std: 0.033742

[Engine 8] T_n=71
  HI range: [0.346749, 0.806169]
  HI[0] (first): 0.386071
  HI[70] (last): 0.806169
  Loss Term 1 contribution: 0.037570 (target: h_n(T_n)=1)
  Loss Term 2 contribution: 0.014350
  Monotonicity violations: 32/70
  Loss Term 3 contribution: 0.029864
  Convexity violations: 35/69
  Gradient (dHI/dt) stats:
    Mean: 0.006001, Std: 0.047061

[Engine 9] T_n=84
  HI range: [0.356036, 0.768741]
  HI[0] (first): 0.404472
  HI[83] (last): 0.768741
  Loss Term 1 contribution: 0.053481 (target: h_n(T_n)=1)
  Loss Term 2 contribution: 0.011079
  Monotonicity violations: 32/83
  Loss Term 3 contribution: 0.022539
  Convexity violations: 42/82
  Gradient (dHI/dt) stats:
    Mean: 0.004389, Std: 0.032620

================================================================================
LOSS BREAKDOWN:
  Term 0 (Initial HI <= 0.2): 0.446199 (×1.0)
  Term 1 (Target HI=1): 0.617825 (×1.0)
  Term 2 (Monotonicity): 0.108181 (×6.0)
  Term 3 (Convexity): 0.220967 (×2.0)
  Total Loss: 2.155044
================================================================================

PARAMETER GRADIENTS (averaged over 9 engines):
  W1: mean=0.00005096, std=0.00989644, max_abs=0.01182417
  b1: mean=0.00004821, std=0.01134757, max_abs=0.01166134
  W2: mean=-0.00000277, std=0.00169242, max_abs=0.00241726
  b2: mean=-0.00002039, std=0.00324113, max_abs=0.00326152
  W3: mean=0.00000697, std=0.06201845, max_abs=0.06202542
  b3: mean=-0.07745592, std=0.00000000, max_abs=0.07745592

ADAM OPTIMIZER UPDATE (step 600):
  W1: update_mean=-0.00000727, update_max_abs=0.00024884
  b1: update_mean=-0.00000946, update_max_abs=0.00047866

Epoch 600/1000, Loss: 2.155044

================================================================================
EPOCH 700 - LOSS COMPUTATION
================================================================================

[Engine 1] T_n=72
  HI range: [0.321054, 0.674799]
  HI[0] (first): 0.387884
  HI[71] (last): 0.674799
  Loss Term 1 contribution: 0.105756 (target: h_n(T_n)=1)
  Loss Term 2 contribution: 0.011369
  Monotonicity violations: 33/71
  Loss Term 3 contribution: 0.023990
  Convexity violations: 35/70
  Gradient (dHI/dt) stats:
    Mean: 0.004041, Std: 0.034403

[Engine 2] T_n=73
  HI range: [0.268101, 0.732326]
  HI[0] (first): 0.400042
  HI[72] (last): 0.724593
  Loss Term 1 contribution: 0.075849 (target: h_n(T_n)=1)
  Loss Term 2 contribution: 0.014253
  Monotonicity violations: 30/72
  Loss Term 3 contribution: 0.028459
  Convexity violations: 40/71
  Gradient (dHI/dt) stats:
    Mean: 0.004508, Std: 0.041203

[Engine 3] T_n=67
  HI range: [0.297845, 0.769703]
  HI[0] (first): 0.427376
  HI[66] (last): 0.769703
  Loss Term 1 contribution: 0.053037 (target: h_n(T_n)=1)
  Loss Term 2 contribution: 0.011055
  Monotonicity violations: 30/66
  Loss Term 3 contribution: 0.022387
  Convexity violations: 31/65
  Gradient (dHI/dt) stats:
    Mean: 0.005187, Std: 0.035439

[Engine 4] T_n=60
  HI range: [0.356590, 0.701785]
  HI[0] (first): 0.391812
  HI[59] (last): 0.701785
  Loss Term 1 contribution: 0.088932 (target: h_n(T_n)=1)
  Loss Term 2 contribution: 0.011337
  Monotonicity violations: 23/59
  Loss Term 3 contribution: 0.022584
  Convexity violations: 29/58
  Gradient (dHI/dt) stats:
    Mean: 0.005254, Std: 0.036405

[Engine 5] T_n=93
  HI range: [0.318476, 0.775472]
  HI[0] (first): 0.362311
  HI[92] (last): 0.775472
  Loss Term 1 contribution: 0.050413 (target: h_n(T_n)=1)
  Loss Term 2 contribution: 0.011455
  Monotonicity violations: 44/92
  Loss Term 3 contribution: 0.023889
  Convexity violations: 49/91
  Gradient (dHI/dt) stats:
    Mean: 0.004491, Std: 0.035063

[Engine 6] T_n=63
  HI range: [0.316498, 0.758135]
  HI[0] (first): 0.448138
  HI[62] (last): 0.758135
  Loss Term 1 contribution: 0.058499 (target: h_n(T_n)=1)
  Loss Term 2 contribution: 0.015657
  Monotonicity violations: 27/62
  Loss Term 3 contribution: 0.033217
  Convexity violations: 32/61
  Gradient (dHI/dt) stats:
    Mean: 0.005000, Std: 0.046985

[Engine 7] T_n=80
  HI range: [0.327299, 0.783062]
  HI[0] (first): 0.471250
  HI[79] (last): 0.783062
  Loss Term 1 contribution: 0.047062 (target: h_n(T_n)=1)
  Loss Term 2 contribution: 0.012586
  Monotonicity violations: 35/79
  Loss Term 3 contribution: 0.024749
  Convexity violations: 38/78
  Gradient (dHI/dt) stats:
    Mean: 0.003947, Std: 0.036100

[Engine 8] T_n=71
  HI range: [0.328476, 0.831851]
  HI[0] (first): 0.368979
  HI[70] (last): 0.831851
  Loss Term 1 contribution: 0.028274 (target: h_n(T_n)=1)
  Loss Term 2 contribution: 0.015316
  Monotonicity violations: 32/70
  Loss Term 3 contribution: 0.032029
  Convexity violations: 36/69
  Gradient (dHI/dt) stats:
    Mean: 0.006612, Std: 0.050237

[Engine 9] T_n=84
  HI range: [0.338092, 0.787675]
  HI[0] (first): 0.388460
  HI[83] (last): 0.787675
  Loss Term 1 contribution: 0.045082 (target: h_n(T_n)=1)
  Loss Term 2 contribution: 0.011701
  Monotonicity violations: 32/83
  Loss Term 3 contribution: 0.023895
  Convexity violations: 43/82
  Gradient (dHI/dt) stats:
    Mean: 0.004810, Std: 0.034465

================================================================================
LOSS BREAKDOWN:
  Term 0 (Initial HI <= 0.2): 0.389374 (×1.0)
  Term 1 (Target HI=1): 0.552903 (×1.0)
  Term 2 (Monotonicity): 0.114729 (×6.0)
  Term 3 (Convexity): 0.235198 (×2.0)
  Total Loss: 2.101045
================================================================================

PARAMETER GRADIENTS (averaged over 9 engines):
  W1: mean=0.00002063, std=0.01839637, max_abs=0.02054467
  b1: mean=0.00008515, std=0.00850459, max_abs=0.00890225
  W2: mean=-0.00000749, std=0.00154287, max_abs=0.00216840
  b2: mean=-0.00004624, std=0.00103574, max_abs=0.00108198
  W3: mean=0.00001943, std=0.05125253, max_abs=0.05127197
  b3: mean=-0.07703863, std=0.00000000, max_abs=0.07703863

ADAM OPTIMIZER UPDATE (step 700):
  W1: update_mean=-0.00001349, update_max_abs=0.00034382
  b1: update_mean=-0.00000380, update_max_abs=0.00038758

================================================================================
EPOCH 800 - LOSS COMPUTATION
================================================================================

[Engine 1] T_n=72
  HI range: [0.310017, 0.677802]
  HI[0] (first): 0.378275
  HI[71] (last): 0.677802
  Loss Term 1 contribution: 0.103812 (target: h_n(T_n)=1)
  Loss Term 2 contribution: 0.011661
  Monotonicity violations: 33/71
  Loss Term 3 contribution: 0.024670
  Convexity violations: 35/70
  Gradient (dHI/dt) stats:
    Mean: 0.004219, Std: 0.035386

[Engine 2] T_n=73
  HI range: [0.256768, 0.740505]
  HI[0] (first): 0.390803
  HI[72] (last): 0.732633
  Loss Term 1 contribution: 0.071485 (target: h_n(T_n)=1)
  Loss Term 2 contribution: 0.014637
  Monotonicity violations: 30/72
  Loss Term 3 contribution: 0.029331
  Convexity violations: 41/71
  Gradient (dHI/dt) stats:
    Mean: 0.004748, Std: 0.042378

[Engine 3] T_n=67
  HI range: [0.286686, 0.781749]
  HI[0] (first): 0.418369
  HI[66] (last): 0.781749
  Loss Term 1 contribution: 0.047633 (target: h_n(T_n)=1)
  Loss Term 2 contribution: 0.011316
  Monotonicity violations: 31/66
  Loss Term 3 contribution: 0.022973
  Convexity violations: 31/65
  Gradient (dHI/dt) stats:
    Mean: 0.005506, Std: 0.036329

[Engine 4] T_n=60
  HI range: [0.346265, 0.707274]
  HI[0] (first): 0.381857
  HI[59] (last): 0.707274
  Loss Term 1 contribution: 0.085689 (target: h_n(T_n)=1)
  Loss Term 2 contribution: 0.011644
  Monotonicity violations: 23/59
  Loss Term 3 contribution: 0.023239
  Convexity violations: 28/58
  Gradient (dHI/dt) stats:
    Mean: 0.005516, Std: 0.037400

[Engine 5] T_n=93
  HI range: [0.307414, 0.788156]
  HI[0] (first): 0.351867
  HI[92] (last): 0.788156
  Loss Term 1 contribution: 0.044878 (target: h_n(T_n)=1)
  Loss Term 2 contribution: 0.011843
  Monotonicity violations: 44/92
  Loss Term 3 contribution: 0.024803
  Convexity violations: 50/91
  Gradient (dHI/dt) stats:
    Mean: 0.004742, Std: 0.036371

[Engine 6] T_n=63
  HI range: [0.306037, 0.769041]
  HI[0] (first): 0.440313
  HI[62] (last): 0.769041
  Loss Term 1 contribution: 0.053342 (target: h_n(T_n)=1)
  Loss Term 2 contribution: 0.016074
  Monotonicity violations: 28/62
  Loss Term 3 contribution: 0.034207
  Convexity violations: 32/61
  Gradient (dHI/dt) stats:
    Mean: 0.005302, Std: 0.048234

[Engine 7] T_n=80
  HI range: [0.316675, 0.796858]
  HI[0] (first): 0.463441
  HI[79] (last): 0.796858
  Loss Term 1 contribution: 0.041267 (target: h_n(T_n)=1)
  Loss Term 2 contribution: 0.013004
  Monotonicity violations: 35/79
  Loss Term 3 contribution: 0.025723
  Convexity violations: 38/78
  Gradient (dHI/dt) stats:
    Mean: 0.004220, Std: 0.037419

[Engine 8] T_n=71
  HI range: [0.318133, 0.851369]
  HI[0] (first): 0.359234
  HI[70] (last): 0.851369
  Loss Term 1 contribution: 0.022091 (target: h_n(T_n)=1)
  Loss Term 2 contribution: 0.015753
  Monotonicity violations: 32/70
  Loss Term 3 contribution: 0.033105
  Convexity violations: 36/69
  Gradient (dHI/dt) stats:
    Mean: 0.007030, Std: 0.051878

[Engine 9] T_n=84
  HI range: [0.327247, 0.801665]
  HI[0] (first): 0.378438
  HI[83] (last): 0.801665
  Loss Term 1 contribution: 0.039337 (target: h_n(T_n)=1)
  Loss Term 2 contribution: 0.012081
  Monotonicity violations: 32/83
  Loss Term 3 contribution: 0.024677
  Convexity violations: 42/82
  Gradient (dHI/dt) stats:
    Mean: 0.005099, Std: 0.035555

================================================================================
LOSS BREAKDOWN:
  Term 0 (Initial HI <= 0.2): 0.356355 (×1.0)
  Term 1 (Target HI=1): 0.509533 (×1.0)
  Term 2 (Monotonicity): 0.118013 (×6.0)
  Term 3 (Convexity): 0.242729 (×2.0)
  Total Loss: 2.059428
================================================================================

PARAMETER GRADIENTS (averaged over 9 engines):
  W1: mean=-0.00035870, std=0.00403043, max_abs=0.00671216
  b1: mean=0.00017871, std=0.00645786, max_abs=0.00713324
  W2: mean=0.00000254, std=0.00078845, max_abs=0.00144645
  b2: mean=-0.00004984, std=0.00363568, max_abs=0.00368553
  W3: mean=0.00001338, std=0.04268755, max_abs=0.04270093
  b3: mean=-0.07352362, std=0.00000000, max_abs=0.07352362

ADAM OPTIMIZER UPDATE (step 800):
  W1: update_mean=-0.00001848, update_max_abs=0.00021296
  b1: update_mean=0.00000037, update_max_abs=0.00032037

Epoch 800/1000, Loss: 2.059428

================================================================================
EPOCH 900 - LOSS COMPUTATION
================================================================================

[Engine 1] T_n=72
  HI range: [0.303428, 0.679841]
  HI[0] (first): 0.372307
  HI[71] (last): 0.679841
  Loss Term 1 contribution: 0.102502 (target: h_n(T_n)=1)
  Loss Term 2 contribution: 0.011804
  Monotonicity violations: 33/71
  Loss Term 3 contribution: 0.025025
  Convexity violations: 35/70
  Gradient (dHI/dt) stats:
    Mean: 0.004331, Std: 0.035916

[Engine 2] T_n=73
  HI range: [0.250317, 0.746481]
  HI[0] (first): 0.384872
  HI[72] (last): 0.738814
  Loss Term 1 contribution: 0.068218 (target: h_n(T_n)=1)
  Loss Term 2 contribution: 0.014841
  Monotonicity violations: 30/72
  Loss Term 3 contribution: 0.029830
  Convexity violations: 41/71
  Gradient (dHI/dt) stats:
    Mean: 0.004916, Std: 0.043042

[Engine 3] T_n=67
  HI range: [0.280148, 0.790983]
  HI[0] (first): 0.412465
  HI[66] (last): 0.790983
  Loss Term 1 contribution: 0.043688 (target: h_n(T_n)=1)
  Loss Term 2 contribution: 0.011439
  Monotonicity violations: 31/66
  Loss Term 3 contribution: 0.023260
  Convexity violations: 31/65
  Gradient (dHI/dt) stats:
    Mean: 0.005735, Std: 0.036789

[Engine 4] T_n=60
  HI range: [0.339971, 0.711242]
  HI[0] (first): 0.375527
  HI[59] (last): 0.711242
  Loss Term 1 contribution: 0.083381 (target: h_n(T_n)=1)
  Loss Term 2 contribution: 0.011793
  Monotonicity violations: 23/59
  Loss Term 3 contribution: 0.023590
  Convexity violations: 28/58
  Gradient (dHI/dt) stats:
    Mean: 0.005690, Std: 0.037916

[Engine 5] T_n=93
  HI range: [0.300825, 0.797812]
  HI[0] (first): 0.345452
  HI[92] (last): 0.797812
  Loss Term 1 contribution: 0.040880 (target: h_n(T_n)=1)
  Loss Term 2 contribution: 0.012070
  Monotonicity violations: 44/92
  Loss Term 3 contribution: 0.025378
  Convexity violations: 51/91
  Gradient (dHI/dt) stats:
    Mean: 0.004917, Std: 0.037191

[Engine 6] T_n=63
  HI range: [0.300229, 0.777317]
  HI[0] (first): 0.435228
  HI[62] (last): 0.777317
  Loss Term 1 contribution: 0.049588 (target: h_n(T_n)=1)
  Loss Term 2 contribution: 0.016265
  Monotonicity violations: 28/62
  Loss Term 3 contribution: 0.034707
  Convexity violations: 32/61
  Gradient (dHI/dt) stats:
    Mean: 0.005518, Std: 0.048838

[Engine 7] T_n=80
  HI range: [0.310201, 0.807469]
  HI[0] (first): 0.458274
  HI[79] (last): 0.807469
  Loss Term 1 contribution: 0.037068 (target: h_n(T_n)=1)
  Loss Term 2 contribution: 0.013240
  Monotonicity violations: 35/79
  Loss Term 3 contribution: 0.026312
  Convexity violations: 38/78
  Gradient (dHI/dt) stats:
    Mean: 0.004420, Std: 0.038231

[Engine 8] T_n=71
  HI range: [0.312325, 0.866787]
  HI[0] (first): 0.353257
  HI[70] (last): 0.866787
  Loss Term 1 contribution: 0.017746 (target: h_n(T_n)=1)
  Loss Term 2 contribution: 0.015969
  Monotonicity violations: 32/70
  Loss Term 3 contribution: 0.033710
  Convexity violations: 36/69
  Gradient (dHI/dt) stats:
    Mean: 0.007336, Std: 0.052806

[Engine 9] T_n=84
  HI range: [0.320669, 0.812468]
  HI[0] (first): 0.372132
  HI[83] (last): 0.812468
  Loss Term 1 contribution: 0.035168 (target: h_n(T_n)=1)
  Loss Term 2 contribution: 0.012290
  Monotonicity violations: 32/83
  Loss Term 3 contribution: 0.025112
  Convexity violations: 43/82
  Gradient (dHI/dt) stats:
    Mean: 0.005305, Std: 0.036176

================================================================================
LOSS BREAKDOWN:
  Term 0 (Initial HI <= 0.2): 0.336129 (×1.0)
  Term 1 (Target HI=1): 0.478239 (×1.0)
  Term 2 (Monotonicity): 0.119712 (×6.0)
  Term 3 (Convexity): 0.246924 (×2.0)
  Total Loss: 2.026487
================================================================================

PARAMETER GRADIENTS (averaged over 9 engines):
  W1: mean=-0.00042641, std=0.00844646, max_abs=0.01160659
  b1: mean=0.00020622, std=0.00532394, max_abs=0.00623623
  W2: mean=0.00000300, std=0.00072223, max_abs=0.00147403
  b2: mean=-0.00004221, std=0.00490256, max_abs=0.00494477
  W3: mean=0.00001778, std=0.03578811, max_abs=0.03580589
  b3: mean=-0.06838953, std=0.00000000, max_abs=0.06838953

ADAM OPTIMIZER UPDATE (step 900):
  W1: update_mean=-0.00001959, update_max_abs=0.00018100
  b1: update_mean=0.00000270, update_max_abs=0.00030245

================================================================================
EPOCH 1000 - LOSS COMPUTATION
================================================================================

[Engine 1] T_n=72
  HI range: [0.298907, 0.681604]
  HI[0] (first): 0.367546
  HI[71] (last): 0.681604
  Loss Term 1 contribution: 0.101376 (target: h_n(T_n)=1)
  Loss Term 2 contribution: 0.011869
  Monotonicity violations: 33/71
  Loss Term 3 contribution: 0.025219
  Convexity violations: 35/70
  Gradient (dHI/dt) stats:
    Mean: 0.004423, Std: 0.036179

[Engine 2] T_n=73
  HI range: [0.245404, 0.751442]
  HI[0] (first): 0.379703
  HI[72] (last): 0.743638
  Loss Term 1 contribution: 0.065722 (target: h_n(T_n)=1)
  Loss Term 2 contribution: 0.015042
  Monotonicity violations: 30/72
  Loss Term 3 contribution: 0.030281
  Convexity violations: 41/71
  Gradient (dHI/dt) stats:
    Mean: 0.005055, Std: 0.043653

[Engine 3] T_n=67
  HI range: [0.275107, 0.798486]
  HI[0] (first): 0.408477
  HI[66] (last): 0.798486
  Loss Term 1 contribution: 0.040608 (target: h_n(T_n)=1)
  Loss Term 2 contribution: 0.011533
  Monotonicity violations: 30/66
  Loss Term 3 contribution: 0.023478
  Convexity violations: 31/65
  Gradient (dHI/dt) stats:
    Mean: 0.005909, Std: 0.037202

[Engine 4] T_n=60
  HI range: [0.335055, 0.714787]
  HI[0] (first): 0.371143
  HI[59] (last): 0.714787
  Loss Term 1 contribution: 0.081347 (target: h_n(T_n)=1)
  Loss Term 2 contribution: 0.011888
  Monotonicity violations: 23/59
  Loss Term 3 contribution: 0.023800
  Convexity violations: 28/58
  Gradient (dHI/dt) stats:
    Mean: 0.005824, Std: 0.038332

[Engine 5] T_n=93
  HI range: [0.296313, 0.805914]
  HI[0] (first): 0.340818
  HI[92] (last): 0.805914
  Loss Term 1 contribution: 0.037669 (target: h_n(T_n)=1)
  Loss Term 2 contribution: 0.012183
  Monotonicity violations: 44/92
  Loss Term 3 contribution: 0.025687
  Convexity violations: 51/91
  Gradient (dHI/dt) stats:
    Mean: 0.005055, Std: 0.037682

[Engine 6] T_n=63
  HI range: [0.296672, 0.784447]
  HI[0] (first): 0.430844
  HI[62] (last): 0.784447
  Loss Term 1 contribution: 0.046463 (target: h_n(T_n)=1)
  Loss Term 2 contribution: 0.016413
  Monotonicity violations: 28/62
  Loss Term 3 contribution: 0.035141
  Convexity violations: 32/61
  Gradient (dHI/dt) stats:
    Mean: 0.005703, Std: 0.049256

[Engine 7] T_n=80
  HI range: [0.304763, 0.816411]
  HI[0] (first): 0.454673
  HI[79] (last): 0.816411
  Loss Term 1 contribution: 0.033705 (target: h_n(T_n)=1)
  Loss Term 2 contribution: 0.013433
  Monotonicity violations: 35/79
  Loss Term 3 contribution: 0.026750
  Convexity violations: 38/78
  Gradient (dHI/dt) stats:
    Mean: 0.004579, Std: 0.038909

[Engine 8] T_n=71
  HI range: [0.308745, 0.879723]
  HI[0] (first): 0.348436
  HI[70] (last): 0.879723
  Loss Term 1 contribution: 0.014466 (target: h_n(T_n)=1)
  Loss Term 2 contribution: 0.016153
  Monotonicity violations: 32/70
  Loss Term 3 contribution: 0.034204
  Convexity violations: 36/69
  Gradient (dHI/dt) stats:
    Mean: 0.007590, Std: 0.053527

[Engine 9] T_n=84
  HI range: [0.316117, 0.821301]
  HI[0] (first): 0.367605
  HI[83] (last): 0.821301
  Loss Term 1 contribution: 0.031933 (target: h_n(T_n)=1)
  Loss Term 2 contribution: 0.012379
  Monotonicity violations: 32/83
  Loss Term 3 contribution: 0.025361
  Convexity violations: 43/82
  Gradient (dHI/dt) stats:
    Mean: 0.005466, Std: 0.036524

================================================================================
LOSS BREAKDOWN:
  Term 0 (Initial HI <= 0.2): 0.321219 (×1.0)
  Term 1 (Target HI=1): 0.453289 (×1.0)
  Term 2 (Monotonicity): 0.120892 (×6.0)
  Term 3 (Convexity): 0.249921 (×2.0)
  Total Loss: 1.999702
================================================================================

PARAMETER GRADIENTS (averaged over 9 engines):
  W1: mean=-0.00031770, std=0.00307007, max_abs=0.00566517
  b1: mean=0.00018317, std=0.00468971, max_abs=0.00579019
  W2: mean=0.00000079, std=0.00027728, max_abs=0.00057630
  b2: mean=-0.00002636, std=0.00552166, max_abs=0.00554802
  W3: mean=0.00002286, std=0.03001448, max_abs=0.03003734
  b3: mean=-0.06320940, std=0.00000000, max_abs=0.06320940

ADAM OPTIMIZER UPDATE (step 1000):
  W1: update_mean=-0.00001543, update_max_abs=0.00018737
  b1: update_mean=0.00000340, update_max_abs=0.00029966

Epoch 1000/1000, Loss: 1.999702
  MLP final loss: 1.999702
  HI monotonicity rate  : 0.5637  (목표: 높을수록 좋음)
  HI smoothness (|ΔHI|) : 0.031663 (목표: 낮을수록 좋음)

  총 실행 시간: 21.0s

======================================================================
  PIPELINE: Adaptive //200  (window=0)
======================================================================

=== Normal Range summary (A_dev index) ===
Total normal ranges : 9
  Engine 1 : [0, 156352] (len=156353)
  Engine 2 : [308489, 526119] (len=217631)
  Engine 3 : [955653, 1167122] (len=211470)
  Engine 4 : [1545490, 1752373] (len=206884)
  Engine 5 : [2084577, 2236339] (len=151763)
  Engine 6 : [2485720, 2754276] (len=268557)
  Engine 7 : [3432229, 3656713] (len=224485)
  Engine 8 : [4132089, 4383309] (len=251221)
  Engine 9 : [5207095, 5368001] (len=160907)

=== Abnormal Range summary (A_dev index) ===
Total abnormal ranges : 9
  Engine 1 : [156353, 308488] (len=152136)
  Engine 2 : [526120, 955652] (len=429533)
  Engine 3 : [1167123, 1545489] (len=378367)
  Engine 4 : [1752374, 2084576] (len=332203)
  Engine 5 : [2236340, 2485719] (len=249380)
  Engine 6 : [2754277, 3432228] (len=677952)
  Engine 7 : [3656714, 4132088] (len=475375)
  Engine 8 : [4383310, 5207094] (len=823785)
  Engine 9 : [5368002, 5571276] (len=203275)

=== DEV All Range summary (A_dev index) ===
Total dev ranges : 9
  Engine 1 : [0, 308488] (len=308489)
  Engine 2 : [308489, 955652] (len=647164)
  Engine 3 : [955653, 1545489] (len=589837)
  Engine 4 : [1545490, 2084576] (len=539087)
  Engine 5 : [2084577, 2485719] (len=401143)
  Engine 6 : [2485720, 3432228] (len=946509)
  Engine 7 : [3432229, 4132088] (len=699860)
  Engine 8 : [4132089, 5207094] (len=1075006)
  Engine 9 : [5207095, 5571276] (len=364182)

=== Test Abnormal Range summary (A_test index) ===
Total test abnormal ranges : 6
  Engine 10 : [249848, 951108] (len=701261)
  Engine 11 : [1212316, 1775600] (len=563285)
  Engine 12 : [1931041, 2181009] (len=249969)
  Engine 13 : [2432683, 3287901] (len=855219)
  Engine 14 : [3447483, 3633385] (len=185903)
  Engine 15 : [3850316, 4251559] (len=401244)

=== TEST All Range summary (A_test index) ===
Total test ranges : 6
  Engine 10 : [0, 951108] (len=951109)
  Engine 11 : [951109, 1775600] (len=824492)
  Engine 12 : [1775601, 2181009] (len=405409)
  Engine 13 : [2181010, 3287901] (len=1106892)
  Engine 14 : [3287902, 3633385] (len=345484)
  Engine 15 : [3633386, 4251559] (len=618174)

=== DEV sampling (normal state, from A_dev) ===
Target engines : [np.int64(1), np.int64(2), np.int64(3), np.int64(4), np.int64(5), np.int64(6), np.int64(7), np.int64(8), np.int64(9)]
Samples per range (K) : 20
  Engine 1 | range [0,156352] | range_len=156353 | sampled=20
  Engine 2 | range [308489,526119] | range_len=217631 | sampled=20
  Engine 3 | range [955653,1167122] | range_len=211470 | sampled=20
  Engine 4 | range [1545490,1752373] | range_len=206884 | sampled=20
  Engine 5 | range [2084577,2236339] | range_len=151763 | sampled=20
  Engine 6 | range [2485720,2754276] | range_len=268557 | sampled=20
  Engine 7 | range [3432229,3656713] | range_len=224485 | sampled=20
  Engine 8 | range [4132089,4383309] | range_len=251221 | sampled=20
  Engine 9 | range [5207095,5368001] | range_len=160907 | sampled=20

DEV sampled count by engine:
  Engine 1 : 20
  Engine 2 : 20
  Engine 3 : 20
  Engine 4 : 20
  Engine 5 : 20
  Engine 6 : 20
  Engine 7 : 20
  Engine 8 : 20
  Engine 9 : 20

Total DEV sampled indices: 180

=== DEV sampling (abnormal state, from A_dev) ===
Samples per cycle (N) : 10

Total DEV sampled indices: 6630

=== TEST sampling (abnormal state, from A_test) ===
Samples per cycle (N) : 10

Total TEST sampled indices: 4380

[Data prep] adaptive window (//200)
  Range windows: [781, 1088, 1057, 1034, 758, 1342, 1122, 1256, 804]
  Training data size    : 180
  Outlier rate (>3σ)    : 0.0056
  Mean IQR (sensors)    : 76.0088

[GPR training]
  GPR Iter 10/100 - Loss: 0.8693
  GPR Iter 20/100 - Loss: 0.3935
  GPR Iter 30/100 - Loss: -0.0452
  GPR Iter 40/100 - Loss: -0.3614
  GPR Iter 50/100 - Loss: -0.4820
  GPR Iter 60/100 - Loss: -0.5432
  GPR Iter 70/100 - Loss: -0.5752
  GPR Iter 80/100 - Loss: -0.5950
  GPR Iter 90/100 - Loss: -0.6155
  GPR Iter 100/100 - Loss: -0.6556
  GPR final loss: -0.6556
  Residual STD (avg over sensors): 16.2542
  Residual MAE (avg over sensors): 8.8423
T48: mean=2.2872, std=13.6719
T50: mean=3.4642, std=9.3318
Wf: mean=0.0378, std=0.0787

[MLP training] epochs=1000
Debug epochs: [100, 200, 300, 400, 500, 600, 700, 800, 900, 1000]
Number of engines: 9
  Engine 1: 72 cycles
  Engine 2: 73 cycles
  Engine 3: 67 cycles
  Engine 4: 60 cycles
  Engine 5: 93 cycles
  Engine 6: 63 cycles
  Engine 7: 80 cycles
  Engine 8: 71 cycles
  Engine 9: 84 cycles

================================================================================
EPOCH 100 - LOSS COMPUTATION
================================================================================

[Engine 1] T_n=72
  HI range: [0.129345, 0.192749]
  HI[0] (first): 0.141255
  HI[71] (last): 0.192749
  Loss Term 1 contribution: 0.651654 (target: h_n(T_n)=1)
  Loss Term 2 contribution: 0.001945
  Monotonicity violations: 30/71
  Loss Term 3 contribution: 0.003920
  Convexity violations: 35/70
  Gradient (dHI/dt) stats:
    Mean: 0.000725, Std: 0.005809

[Engine 2] T_n=73
  HI range: [0.118448, 0.203973]
  HI[0] (first): 0.141493
  HI[72] (last): 0.203973
  Loss Term 1 contribution: 0.633660 (target: h_n(T_n)=1)
  Loss Term 2 contribution: 0.002515
  Monotonicity violations: 31/72
  Loss Term 3 contribution: 0.005114
  Convexity violations: 40/71
  Gradient (dHI/dt) stats:
    Mean: 0.000868, Std: 0.007744

[Engine 3] T_n=67
  HI range: [0.123190, 0.209481]
  HI[0] (first): 0.144167
  HI[66] (last): 0.209481
  Loss Term 1 contribution: 0.624920 (target: h_n(T_n)=1)
  Loss Term 2 contribution: 0.001952
  Monotonicity violations: 27/66
  Loss Term 3 contribution: 0.004153
  Convexity violations: 33/65
  Gradient (dHI/dt) stats:
    Mean: 0.000990, Std: 0.006694

[Engine 4] T_n=60
  HI range: [0.135872, 0.199395]
  HI[0] (first): 0.141975
  HI[59] (last): 0.199395
  Loss Term 1 contribution: 0.640968 (target: h_n(T_n)=1)
  Loss Term 2 contribution: 0.001565
  Monotonicity violations: 27/59
  Loss Term 3 contribution: 0.003477
  Convexity violations: 32/58
  Gradient (dHI/dt) stats:
    Mean: 0.000973, Std: 0.005475

[Engine 5] T_n=93
  HI range: [0.128978, 0.210258]
  HI[0] (first): 0.136352
  HI[92] (last): 0.210258
  Loss Term 1 contribution: 0.623692 (target: h_n(T_n)=1)
  Loss Term 2 contribution: 0.002066
  Monotonicity violations: 43/92
  Loss Term 3 contribution: 0.004074
  Convexity violations: 50/91
  Gradient (dHI/dt) stats:
    Mean: 0.000803, Std: 0.006289

[Engine 6] T_n=63
  HI range: [0.138557, 0.212591]
  HI[0] (first): 0.150203
  HI[62] (last): 0.212591
  Loss Term 1 contribution: 0.620013 (target: h_n(T_n)=1)
  Loss Term 2 contribution: 0.001872
  Monotonicity violations: 24/62
  Loss Term 3 contribution: 0.003946
  Convexity violations: 32/61
  Gradient (dHI/dt) stats:
    Mean: 0.001006, Std: 0.005787

[Engine 7] T_n=80
  HI range: [0.132049, 0.212620]
  HI[0] (first): 0.153564
  HI[79] (last): 0.212620
  Loss Term 1 contribution: 0.619968 (target: h_n(T_n)=1)
  Loss Term 2 contribution: 0.002051
  Monotonicity violations: 38/79
  Loss Term 3 contribution: 0.004138
  Convexity violations: 39/78
  Gradient (dHI/dt) stats:
    Mean: 0.000748, Std: 0.006103

[Engine 8] T_n=71
  HI range: [0.138683, 0.220391]
  HI[0] (first): 0.140545
  HI[70] (last): 0.220391
  Loss Term 1 contribution: 0.607790 (target: h_n(T_n)=1)
  Loss Term 2 contribution: 0.001967
  Monotonicity violations: 30/70
  Loss Term 3 contribution: 0.004345
  Convexity violations: 36/69
  Gradient (dHI/dt) stats:
    Mean: 0.001141, Std: 0.007043

[Engine 9] T_n=84
  HI range: [0.131902, 0.211699]
  HI[0] (first): 0.139783
  HI[83] (last): 0.211699
  Loss Term 1 contribution: 0.621418 (target: h_n(T_n)=1)
  Loss Term 2 contribution: 0.001934
  Monotonicity violations: 35/83
  Loss Term 3 contribution: 0.004162
  Convexity violations: 40/82
  Gradient (dHI/dt) stats:
    Mean: 0.000866, Std: 0.006032

================================================================================
LOSS BREAKDOWN:
  Term 0 (Initial HI <= 0.2): 0.000000 (×1.0)
  Term 1 (Target HI=1): 5.644082 (×1.0)
  Term 2 (Monotonicity): 0.017867 (×6.0)
  Term 3 (Convexity): 0.037328 (×2.0)
  Total Loss: 5.825942
================================================================================

PARAMETER GRADIENTS (averaged over 9 engines):
  W1: mean=0.00635780, std=0.03719823, max_abs=0.06350899
  b1: mean=-0.02307671, std=0.04122541, max_abs=0.04933207
  W2: mean=-0.00119971, std=0.07543306, max_abs=0.07903117
  b2: mean=-0.00600307, std=0.20198282, max_abs=0.20798589
  W3: mean=0.01195585, std=0.53665924, max_abs=0.54861510
  b3: mean=-1.58374280, std=0.00000000, max_abs=1.58374280

ADAM OPTIMIZER UPDATE (step 100):
  W1: update_mean=0.00003278, update_max_abs=0.00169140
  b1: update_mean=-0.00087497, update_max_abs=0.00176798

================================================================================
EPOCH 200 - LOSS COMPUTATION
================================================================================

[Engine 1] T_n=72
  HI range: [0.306507, 0.551154]
  HI[0] (first): 0.364654
  HI[71] (last): 0.551154
  Loss Term 1 contribution: 0.201463 (target: h_n(T_n)=1)
  Loss Term 2 contribution: 0.008668
  Monotonicity violations: 34/71
  Loss Term 3 contribution: 0.017702
  Convexity violations: 40/70
  Gradient (dHI/dt) stats:
    Mean: 0.002627, Std: 0.026639

[Engine 2] T_n=73
  HI range: [0.260257, 0.579369]
  HI[0] (first): 0.368891
  HI[72] (last): 0.579369
  Loss Term 1 contribution: 0.176931 (target: h_n(T_n)=1)
  Loss Term 2 contribution: 0.008545
  Monotonicity violations: 30/72
  Loss Term 3 contribution: 0.017882
  Convexity violations: 38/71
  Gradient (dHI/dt) stats:
    Mean: 0.002923, Std: 0.028024

[Engine 3] T_n=67
  HI range: [0.286507, 0.593173]
  HI[0] (first): 0.374224
  HI[66] (last): 0.593173
  Loss Term 1 contribution: 0.165508 (target: h_n(T_n)=1)
  Loss Term 2 contribution: 0.006952
  Monotonicity violations: 32/66
  Loss Term 3 contribution: 0.014699
  Convexity violations: 32/65
  Gradient (dHI/dt) stats:
    Mean: 0.003317, Std: 0.024358

[Engine 4] T_n=60
  HI range: [0.348865, 0.563603]
  HI[0] (first): 0.361078
  HI[59] (last): 0.563603
  Loss Term 1 contribution: 0.190442 (target: h_n(T_n)=1)
  Loss Term 2 contribution: 0.006450
  Monotonicity violations: 25/59
  Loss Term 3 contribution: 0.013545
  Convexity violations: 32/58
  Gradient (dHI/dt) stats:
    Mean: 0.003433, Std: 0.020174

[Engine 5] T_n=93
  HI range: [0.304367, 0.594842]
  HI[0] (first): 0.334725
  HI[92] (last): 0.594842
  Loss Term 1 contribution: 0.164153 (target: h_n(T_n)=1)
  Loss Term 2 contribution: 0.008539
  Monotonicity violations: 43/92
  Loss Term 3 contribution: 0.017107
  Convexity violations: 50/91
  Gradient (dHI/dt) stats:
    Mean: 0.002827, Std: 0.025682

[Engine 6] T_n=63
  HI range: [0.335881, 0.594014]
  HI[0] (first): 0.412772
  HI[62] (last): 0.594014
  Loss Term 1 contribution: 0.164825 (target: h_n(T_n)=1)
  Loss Term 2 contribution: 0.008012
  Monotonicity violations: 23/62
  Loss Term 3 contribution: 0.016073
  Convexity violations: 33/61
  Gradient (dHI/dt) stats:
    Mean: 0.002923, Std: 0.024583

[Engine 7] T_n=80
  HI range: [0.321722, 0.597916]
  HI[0] (first): 0.413175
  HI[79] (last): 0.597916
  Loss Term 1 contribution: 0.161671 (target: h_n(T_n)=1)
  Loss Term 2 contribution: 0.007015
  Monotonicity violations: 39/79
  Loss Term 3 contribution: 0.014419
  Convexity violations: 39/78
  Gradient (dHI/dt) stats:
    Mean: 0.002339, Std: 0.021399

[Engine 8] T_n=71
  HI range: [0.345758, 0.615812]
  HI[0] (first): 0.350698
  HI[70] (last): 0.615812
  Loss Term 1 contribution: 0.147600 (target: h_n(T_n)=1)
  Loss Term 2 contribution: 0.007509
  Monotonicity violations: 29/70
  Loss Term 3 contribution: 0.016424
  Convexity violations: 37/69
  Gradient (dHI/dt) stats:
    Mean: 0.003787, Std: 0.026660

[Engine 9] T_n=84
  HI range: [0.320837, 0.599143]
  HI[0] (first): 0.346653
  HI[83] (last): 0.599143
  Loss Term 1 contribution: 0.160686 (target: h_n(T_n)=1)
  Loss Term 2 contribution: 0.008603
  Monotonicity violations: 31/83
  Loss Term 3 contribution: 0.017422
  Convexity violations: 46/82
  Gradient (dHI/dt) stats:
    Mean: 0.003042, Std: 0.025367

================================================================================
LOSS BREAKDOWN:
  Term 0 (Initial HI <= 0.2): 0.265019 (×1.0)
  Term 1 (Target HI=1): 1.533279 (×1.0)
  Term 2 (Monotonicity): 0.070294 (×6.0)
  Term 3 (Convexity): 0.145275 (×2.0)
  Total Loss: 2.510610
================================================================================

PARAMETER GRADIENTS (averaged over 9 engines):
  W1: mean=-0.00321219, std=0.00744075, max_abs=0.01114674
  b1: mean=-0.00565384, std=0.01016010, max_abs=0.01209427
  W2: mean=-0.00074439, std=0.02745684, max_abs=0.02926849
  b2: mean=-0.00194405, std=0.05391310, max_abs=0.05585716
  W3: mean=0.00209846, std=0.34717488, max_abs=0.34927334
  b3: mean=-0.48535601, std=0.00000000, max_abs=0.48535601

ADAM OPTIMIZER UPDATE (step 200):
  W1: update_mean=-0.00000598, update_max_abs=0.00071907
  b1: update_mean=-0.00025343, update_max_abs=0.00050931

Epoch 200/1000, Loss: 2.510610

================================================================================
EPOCH 300 - LOSS COMPUTATION
================================================================================

[Engine 1] T_n=72
  HI range: [0.364089, 0.657998]
  HI[0] (first): 0.432820
  HI[71] (last): 0.657998
  Loss Term 1 contribution: 0.116965 (target: h_n(T_n)=1)
  Loss Term 2 contribution: 0.010947
  Monotonicity violations: 33/71
  Loss Term 3 contribution: 0.022305
  Convexity violations: 39/70
  Gradient (dHI/dt) stats:
    Mean: 0.003172, Std: 0.032363

[Engine 2] T_n=73
  HI range: [0.319045, 0.693599]
  HI[0] (first): 0.438008
  HI[72] (last): 0.693599
  Loss Term 1 contribution: 0.093882 (target: h_n(T_n)=1)
  Loss Term 2 contribution: 0.009763
  Monotonicity violations: 31/72
  Loss Term 3 contribution: 0.020364
  Convexity violations: 38/71
  Gradient (dHI/dt) stats:
    Mean: 0.003550, Std: 0.031421

[Engine 3] T_n=67
  HI range: [0.351851, 0.710725]
  HI[0] (first): 0.447549
  HI[66] (last): 0.710725
  Loss Term 1 contribution: 0.083680 (target: h_n(T_n)=1)
  Loss Term 2 contribution: 0.007941
  Monotonicity violations: 31/66
  Loss Term 3 contribution: 0.017128
  Convexity violations: 32/65
  Gradient (dHI/dt) stats:
    Mean: 0.003988, Std: 0.027638

[Engine 4] T_n=60
  HI range: [0.418978, 0.671082]
  HI[0] (first): 0.428464
  HI[59] (last): 0.671082
  Loss Term 1 contribution: 0.108187 (target: h_n(T_n)=1)
  Loss Term 2 contribution: 0.007483
  Monotonicity violations: 23/59
  Loss Term 3 contribution: 0.015786
  Convexity violations: 29/58
  Gradient (dHI/dt) stats:
    Mean: 0.004112, Std: 0.023365

[Engine 5] T_n=93
  HI range: [0.361280, 0.717453]
  HI[0] (first): 0.397118
  HI[92] (last): 0.717453
  Loss Term 1 contribution: 0.079833 (target: h_n(T_n)=1)
  Loss Term 2 contribution: 0.010133
  Monotonicity violations: 44/92
  Loss Term 3 contribution: 0.020275
  Convexity violations: 50/91
  Gradient (dHI/dt) stats:
    Mean: 0.003482, Std: 0.030331

[Engine 6] T_n=63
  HI range: [0.381059, 0.710874]
  HI[0] (first): 0.488010
  HI[62] (last): 0.710874
  Loss Term 1 contribution: 0.083594 (target: h_n(T_n)=1)
  Loss Term 2 contribution: 0.010174
  Monotonicity violations: 26/62
  Loss Term 3 contribution: 0.020911
  Convexity violations: 32/61
  Gradient (dHI/dt) stats:
    Mean: 0.003595, Std: 0.031931

[Engine 7] T_n=80
  HI range: [0.380365, 0.719444]
  HI[0] (first): 0.493764
  HI[79] (last): 0.719444
  Loss Term 1 contribution: 0.078712 (target: h_n(T_n)=1)
  Loss Term 2 contribution: 0.008070
  Monotonicity violations: 40/79
  Loss Term 3 contribution: 0.016648
  Convexity violations: 40/78
  Gradient (dHI/dt) stats:
    Mean: 0.002857, Std: 0.025279

[Engine 8] T_n=71
  HI range: [0.393779, 0.743911]
  HI[0] (first): 0.409940
  HI[70] (last): 0.743911
  Loss Term 1 contribution: 0.065582 (target: h_n(T_n)=1)
  Loss Term 2 contribution: 0.010233
  Monotonicity violations: 28/70
  Loss Term 3 contribution: 0.022049
  Convexity violations: 40/69
  Gradient (dHI/dt) stats:
    Mean: 0.004771, Std: 0.034423

[Engine 9] T_n=84
  HI range: [0.382484, 0.720970]
  HI[0] (first): 0.410078
  HI[83] (last): 0.720970
  Loss Term 1 contribution: 0.077858 (target: h_n(T_n)=1)
  Loss Term 2 contribution: 0.010343
  Monotonicity violations: 33/83
  Loss Term 3 contribution: 0.021335
  Convexity violations: 45/82
  Gradient (dHI/dt) stats:
    Mean: 0.003746, Std: 0.030177

================================================================================
LOSS BREAKDOWN:
  Term 0 (Initial HI <= 0.2): 0.520640 (×1.0)
  Term 1 (Target HI=1): 0.788292 (×1.0)
  Term 2 (Monotonicity): 0.085088 (×6.0)
  Term 3 (Convexity): 0.176802 (×2.0)
  Total Loss: 2.173066
================================================================================

PARAMETER GRADIENTS (averaged over 9 engines):
  W1: mean=0.00715961, std=0.01255452, max_abs=0.01582003
  b1: mean=0.00969838, std=0.01652139, max_abs=0.01956458
  W2: mean=-0.00027880, std=0.00195189, max_abs=0.00272330
  b2: mean=-0.00012883, std=0.01341030, max_abs=0.01353914
  W3: mean=0.00001082, std=0.12412863, max_abs=0.12413946
  b3: mean=-0.11293184, std=0.00000000, max_abs=0.11293184

ADAM OPTIMIZER UPDATE (step 300):
  W1: update_mean=0.00004607, update_max_abs=0.00022832
  b1: update_mean=0.00033611, update_max_abs=0.00070334

================================================================================
EPOCH 400 - LOSS COMPUTATION
================================================================================

[Engine 1] T_n=72
  HI range: [0.334640, 0.672679]
  HI[0] (first): 0.408456
  HI[71] (last): 0.672679
  Loss Term 1 contribution: 0.107139 (target: h_n(T_n)=1)
  Loss Term 2 contribution: 0.012126
  Monotonicity violations: 34/71
  Loss Term 3 contribution: 0.024884
  Convexity violations: 39/70
  Gradient (dHI/dt) stats:
    Mean: 0.003721, Std: 0.035882

[Engine 2] T_n=73
  HI range: [0.286823, 0.719252]
  HI[0] (first): 0.414357
  HI[72] (last): 0.719252
  Loss Term 1 contribution: 0.078819 (target: h_n(T_n)=1)
  Loss Term 2 contribution: 0.010760
  Monotonicity violations: 31/72
  Loss Term 3 contribution: 0.022677
  Convexity violations: 39/71
  Gradient (dHI/dt) stats:
    Mean: 0.004235, Std: 0.034508

[Engine 3] T_n=67
  HI range: [0.320978, 0.742549]
  HI[0] (first): 0.423762
  HI[66] (last): 0.742549
  Loss Term 1 contribution: 0.066281 (target: h_n(T_n)=1)
  Loss Term 2 contribution: 0.008730
  Monotonicity violations: 31/66
  Loss Term 3 contribution: 0.019071
  Convexity violations: 32/65
  Gradient (dHI/dt) stats:
    Mean: 0.004830, Std: 0.030518

[Engine 4] T_n=60
  HI range: [0.393479, 0.689583]
  HI[0] (first): 0.403151
  HI[59] (last): 0.689583
  Loss Term 1 contribution: 0.096359 (target: h_n(T_n)=1)
  Loss Term 2 contribution: 0.008407
  Monotonicity violations: 23/59
  Loss Term 3 contribution: 0.017846
  Convexity violations: 32/58
  Gradient (dHI/dt) stats:
    Mean: 0.004855, Std: 0.026324

[Engine 5] T_n=93
  HI range: [0.331690, 0.750868]
  HI[0] (first): 0.369331
  HI[92] (last): 0.750868
  Loss Term 1 contribution: 0.062067 (target: h_n(T_n)=1)
  Loss Term 2 contribution: 0.011399
  Monotonicity violations: 43/92
  Loss Term 3 contribution: 0.023098
  Convexity violations: 50/91
  Gradient (dHI/dt) stats:
    Mean: 0.004147, Std: 0.034112

[Engine 6] T_n=63
  HI range: [0.353648, 0.742400]
  HI[0] (first): 0.470527
  HI[62] (last): 0.742400
  Loss Term 1 contribution: 0.066358 (target: h_n(T_n)=1)
  Loss Term 2 contribution: 0.011377
  Monotonicity violations: 24/62
  Loss Term 3 contribution: 0.023620
  Convexity violations: 31/61
  Gradient (dHI/dt) stats:
    Mean: 0.004385, Std: 0.035597

[Engine 7] T_n=80
  HI range: [0.351927, 0.753814]
  HI[0] (first): 0.475045
  HI[79] (last): 0.753814
  Loss Term 1 contribution: 0.060608 (target: h_n(T_n)=1)
  Loss Term 2 contribution: 0.009172
  Monotonicity violations: 40/79
  Loss Term 3 contribution: 0.019227
  Convexity violations: 42/78
  Gradient (dHI/dt) stats:
    Mean: 0.003529, Std: 0.028536

[Engine 8] T_n=71
  HI range: [0.367179, 0.788021]
  HI[0] (first): 0.383692
  HI[70] (last): 0.788021
  Loss Term 1 contribution: 0.044935 (target: h_n(T_n)=1)
  Loss Term 2 contribution: 0.011441
  Monotonicity violations: 28/70
  Loss Term 3 contribution: 0.024860
  Convexity violations: 39/69
  Gradient (dHI/dt) stats:
    Mean: 0.005776, Std: 0.038767

[Engine 9] T_n=84
  HI range: [0.354074, 0.756207]
  HI[0] (first): 0.383070
  HI[83] (last): 0.756207
  Loss Term 1 contribution: 0.059435 (target: h_n(T_n)=1)
  Loss Term 2 contribution: 0.011595
  Monotonicity violations: 33/83
  Loss Term 3 contribution: 0.024059
  Convexity violations: 46/82
  Gradient (dHI/dt) stats:
    Mean: 0.004496, Std: 0.033773

================================================================================
LOSS BREAKDOWN:
  Term 0 (Initial HI <= 0.2): 0.425507 (×1.0)
  Term 1 (Target HI=1): 0.642001 (×1.0)
  Term 2 (Monotonicity): 0.095006 (×6.0)
  Term 3 (Convexity): 0.199342 (×2.0)
  Total Loss: 2.036231
================================================================================

PARAMETER GRADIENTS (averaged over 9 engines):
  W1: mean=-0.01111981, std=0.02008676, max_abs=0.03020321
  b1: mean=0.00964020, std=0.01610788, max_abs=0.02001382
  W2: mean=-0.00019817, std=0.00278515, max_abs=0.00446262
  b2: mean=-0.00011713, std=0.01152764, max_abs=0.01164477
  W3: mean=0.00002660, std=0.10300251, max_abs=0.10302912
  b3: mean=-0.10071928, std=0.00000000, max_abs=0.10071928

ADAM OPTIMIZER UPDATE (step 400):
  W1: update_mean=-0.00003374, update_max_abs=0.00022999
  b1: update_mean=0.00038517, update_max_abs=0.00081241

Epoch 400/1000, Loss: 2.036231

================================================================================
EPOCH 500 - LOSS COMPUTATION
================================================================================

[Engine 1] T_n=72
  HI range: [0.301017, 0.680803]
  HI[0] (first): 0.378938
  HI[71] (last): 0.680803
  Loss Term 1 contribution: 0.101887 (target: h_n(T_n)=1)
  Loss Term 2 contribution: 0.012970
  Monotonicity violations: 33/71
  Loss Term 3 contribution: 0.026778
  Convexity violations: 39/70
  Gradient (dHI/dt) stats:
    Mean: 0.004252, Std: 0.038656

[Engine 2] T_n=73
  HI range: [0.251048, 0.739015]
  HI[0] (first): 0.385001
  HI[72] (last): 0.739015
  Loss Term 1 contribution: 0.068113 (target: h_n(T_n)=1)
  Loss Term 2 contribution: 0.011813
  Monotonicity violations: 30/72
  Loss Term 3 contribution: 0.025090
  Convexity violations: 38/71
  Gradient (dHI/dt) stats:
    Mean: 0.004917, Std: 0.037595

[Engine 3] T_n=67
  HI range: [0.286243, 0.768675]
  HI[0] (first): 0.395826
  HI[66] (last): 0.768675
  Loss Term 1 contribution: 0.053511 (target: h_n(T_n)=1)
  Loss Term 2 contribution: 0.009582
  Monotonicity violations: 31/66
  Loss Term 3 contribution: 0.021147
  Convexity violations: 32/65
  Gradient (dHI/dt) stats:
    Mean: 0.005649, Std: 0.033598

[Engine 4] T_n=60
  HI range: [0.362300, 0.702142]
  HI[0] (first): 0.373857
  HI[59] (last): 0.702142
  Loss Term 1 contribution: 0.088720 (target: h_n(T_n)=1)
  Loss Term 2 contribution: 0.009178
  Monotonicity violations: 23/59
  Loss Term 3 contribution: 0.019671
  Convexity violations: 30/58
  Gradient (dHI/dt) stats:
    Mean: 0.005564, Std: 0.029032

[Engine 5] T_n=93
  HI range: [0.297959, 0.779765]
  HI[0] (first): 0.337901
  HI[92] (last): 0.779765
  Loss Term 1 contribution: 0.048503 (target: h_n(T_n)=1)
  Loss Term 2 contribution: 0.012429
  Monotonicity violations: 44/92
  Loss Term 3 contribution: 0.025436
  Convexity violations: 50/91
  Gradient (dHI/dt) stats:
    Mean: 0.004803, Std: 0.037439

[Engine 6] T_n=63
  HI range: [0.321994, 0.769106]
  HI[0] (first): 0.445437
  HI[62] (last): 0.769106
  Loss Term 1 contribution: 0.053312 (target: h_n(T_n)=1)
  Loss Term 2 contribution: 0.012373
  Monotonicity violations: 26/62
  Loss Term 3 contribution: 0.026072
  Convexity violations: 31/61
  Gradient (dHI/dt) stats:
    Mean: 0.005220, Std: 0.038686

[Engine 7] T_n=80
  HI range: [0.319266, 0.783708]
  HI[0] (first): 0.451919
  HI[79] (last): 0.783708
  Loss Term 1 contribution: 0.046782 (target: h_n(T_n)=1)
  Loss Term 2 contribution: 0.010140
  Monotonicity violations: 40/79
  Loss Term 3 contribution: 0.021491
  Convexity violations: 40/78
  Gradient (dHI/dt) stats:
    Mean: 0.004200, Std: 0.031518

[Engine 8] T_n=71
  HI range: [0.336170, 0.828951]
  HI[0] (first): 0.353259
  HI[70] (last): 0.828951
  Loss Term 1 contribution: 0.029258 (target: h_n(T_n)=1)
  Loss Term 2 contribution: 0.012663
  Monotonicity violations: 28/70
  Loss Term 3 contribution: 0.027763
  Convexity violations: 40/69
  Gradient (dHI/dt) stats:
    Mean: 0.006796, Std: 0.043165

[Engine 9] T_n=84
  HI range: [0.321261, 0.786517]
  HI[0] (first): 0.352789
  HI[83] (last): 0.786517
  Loss Term 1 contribution: 0.045575 (target: h_n(T_n)=1)
  Loss Term 2 contribution: 0.012567
  Monotonicity violations: 33/83
  Loss Term 3 contribution: 0.026288
  Convexity violations: 45/82
  Gradient (dHI/dt) stats:
    Mean: 0.005226, Std: 0.036823

================================================================================
LOSS BREAKDOWN:
  Term 0 (Initial HI <= 0.2): 0.324370 (×1.0)
  Term 1 (Target HI=1): 0.535661 (×1.0)
  Term 2 (Monotonicity): 0.103714 (×6.0)
  Term 3 (Convexity): 0.219736 (×2.0)
  Total Loss: 1.921788
================================================================================

PARAMETER GRADIENTS (averaged over 9 engines):
  W1: mean=0.00677222, std=0.01197867, max_abs=0.01502825
  b1: mean=0.00723449, std=0.01149963, max_abs=0.01552147
  W2: mean=-0.00013515, std=0.00302495, max_abs=0.00351594
  b2: mean=-0.00021386, std=0.00254960, max_abs=0.00276346
  W3: mean=0.00005406, std=0.08775053, max_abs=0.08780459
  b3: mean=-0.10808671, std=0.00000000, max_abs=0.10808671

ADAM OPTIMIZER UPDATE (step 500):
  W1: update_mean=-0.00003594, update_max_abs=0.00024296
  b1: update_mean=0.00031367, update_max_abs=0.00068108

================================================================================
EPOCH 600 - LOSS COMPUTATION
================================================================================

[Engine 1] T_n=72
  HI range: [0.280580, 0.686929]
  HI[0] (first): 0.360158
  HI[71] (last): 0.686929
  Loss Term 1 contribution: 0.098013 (target: h_n(T_n)=1)
  Loss Term 2 contribution: 0.013384
  Monotonicity violations: 33/71
  Loss Term 3 contribution: 0.027752
  Convexity violations: 39/70
  Gradient (dHI/dt) stats:
    Mean: 0.004602, Std: 0.040159

[Engine 2] T_n=73
  HI range: [0.229516, 0.754905]
  HI[0] (first): 0.366328
  HI[72] (last): 0.754905
  Loss Term 1 contribution: 0.060072 (target: h_n(T_n)=1)
  Loss Term 2 contribution: 0.012386
  Monotonicity violations: 30/72
  Loss Term 3 contribution: 0.026490
  Convexity violations: 38/71
  Gradient (dHI/dt) stats:
    Mean: 0.005397, Std: 0.039366

[Engine 3] T_n=67
  HI range: [0.264854, 0.790337]
  HI[0] (first): 0.377553
  HI[66] (last): 0.790337
  Loss Term 1 contribution: 0.043958 (target: h_n(T_n)=1)
  Loss Term 2 contribution: 0.010024
  Monotonicity violations: 31/66
  Loss Term 3 contribution: 0.022299
  Convexity violations: 32/65
  Gradient (dHI/dt) stats:
    Mean: 0.006254, Std: 0.035338

[Engine 4] T_n=60
  HI range: [0.342613, 0.711987]
  HI[0] (first): 0.355112
  HI[59] (last): 0.711987
  Loss Term 1 contribution: 0.082952 (target: h_n(T_n)=1)
  Loss Term 2 contribution: 0.009598
  Monotonicity violations: 23/59
  Loss Term 3 contribution: 0.020719
  Convexity violations: 30/58
  Gradient (dHI/dt) stats:
    Mean: 0.006049, Std: 0.030626

[Engine 5] T_n=93
  HI range: [0.277501, 0.803464]
  HI[0] (first): 0.318234
  HI[92] (last): 0.803464
  Loss Term 1 contribution: 0.038626 (target: h_n(T_n)=1)
  Loss Term 2 contribution: 0.013040
  Monotonicity violations: 44/92
  Loss Term 3 contribution: 0.026904
  Convexity violations: 50/91
  Gradient (dHI/dt) stats:
    Mean: 0.005274, Std: 0.039539

[Engine 6] T_n=63
  HI range: [0.303165, 0.791225]
  HI[0] (first): 0.429118
  HI[62] (last): 0.791225
  Loss Term 1 contribution: 0.043587 (target: h_n(T_n)=1)
  Loss Term 2 contribution: 0.012895
  Monotonicity violations: 27/62
  Loss Term 3 contribution: 0.027456
  Convexity violations: 31/61
  Gradient (dHI/dt) stats:
    Mean: 0.005840, Std: 0.040377

[Engine 7] T_n=80
  HI range: [0.299238, 0.808514]
  HI[0] (first): 0.436158
  HI[79] (last): 0.808514
  Loss Term 1 contribution: 0.036667 (target: h_n(T_n)=1)
  Loss Term 2 contribution: 0.010730
  Monotonicity violations: 39/79
  Loss Term 3 contribution: 0.022994
  Convexity violations: 40/78
  Gradient (dHI/dt) stats:
    Mean: 0.004713, Std: 0.033419

[Engine 8] T_n=71
  HI range: [0.317549, 0.864454]
  HI[0] (first): 0.334335
  HI[70] (last): 0.864454
  Loss Term 1 contribution: 0.018373 (target: h_n(T_n)=1)
  Loss Term 2 contribution: 0.013311
  Monotonicity violations: 28/70
  Loss Term 3 contribution: 0.029419
  Convexity violations: 41/69
  Gradient (dHI/dt) stats:
    Mean: 0.007573, Std: 0.045826

[Engine 9] T_n=84
  HI range: [0.301028, 0.811850]
  HI[0] (first): 0.333641
  HI[83] (last): 0.811850
  Loss Term 1 contribution: 0.035400 (target: h_n(T_n)=1)
  Loss Term 2 contribution: 0.013097
  Monotonicity violations: 33/83
  Loss Term 3 contribution: 0.027542
  Convexity violations: 45/82
  Gradient (dHI/dt) stats:
    Mean: 0.005762, Std: 0.038592

================================================================================
LOSS BREAKDOWN:
  Term 0 (Initial HI <= 0.2): 0.267051 (×1.0)
  Term 1 (Target HI=1): 0.457648 (×1.0)
  Term 2 (Monotonicity): 0.108464 (×6.0)
  Term 3 (Convexity): 0.231576 (×2.0)
  Total Loss: 1.838634
================================================================================

PARAMETER GRADIENTS (averaged over 9 engines):
  W1: mean=0.00907751, std=0.01605373, max_abs=0.01944913
  b1: mean=0.00540732, std=0.00786375, max_abs=0.01245472
  W2: mean=-0.00008750, std=0.00231999, max_abs=0.00277439
  b2: mean=-0.00026052, std=0.00314539, max_abs=0.00340591
  W3: mean=0.00003693, std=0.06986904, max_abs=0.06990597
  b3: mean=-0.10348819, std=0.00000000, max_abs=0.10348819

ADAM OPTIMIZER UPDATE (step 600):
  W1: update_mean=0.00007577, update_max_abs=0.00035289
  b1: update_mean=0.00025153, update_max_abs=0.00057896

Epoch 600/1000, Loss: 1.838634

================================================================================
EPOCH 700 - LOSS COMPUTATION
================================================================================

[Engine 1] T_n=72
  HI range: [0.270494, 0.690633]
  HI[0] (first): 0.350059
  HI[71] (last): 0.690633
  Loss Term 1 contribution: 0.095708 (target: h_n(T_n)=1)
  Loss Term 2 contribution: 0.013515
  Monotonicity violations: 33/71
  Loss Term 3 contribution: 0.028151
  Convexity violations: 39/70
  Gradient (dHI/dt) stats:
    Mean: 0.004797, Std: 0.040809

[Engine 2] T_n=73
  HI range: [0.218901, 0.765970]
  HI[0] (first): 0.356474
  HI[72] (last): 0.765970
  Loss Term 1 contribution: 0.054770 (target: h_n(T_n)=1)
  Loss Term 2 contribution: 0.012534
  Monotonicity violations: 30/72
  Loss Term 3 contribution: 0.026995
  Convexity violations: 38/71
  Gradient (dHI/dt) stats:
    Mean: 0.005687, Std: 0.040024

[Engine 3] T_n=67
  HI range: [0.253723, 0.806363]
  HI[0] (first): 0.366732
  HI[66] (last): 0.806363
  Loss Term 1 contribution: 0.037495 (target: h_n(T_n)=1)
  Loss Term 2 contribution: 0.010099
  Monotonicity violations: 31/66
  Loss Term 3 contribution: 0.022620
  Convexity violations: 32/65
  Gradient (dHI/dt) stats:
    Mean: 0.006661, Std: 0.035904

[Engine 4] T_n=60
  HI range: [0.332344, 0.718442]
  HI[0] (first): 0.344534
  HI[59] (last): 0.718442
  Loss Term 1 contribution: 0.079275 (target: h_n(T_n)=1)
  Loss Term 2 contribution: 0.009768
  Monotonicity violations: 23/59
  Loss Term 3 contribution: 0.021119
  Convexity violations: 31/58
  Gradient (dHI/dt) stats:
    Mean: 0.006337, Std: 0.031336

[Engine 5] T_n=93
  HI range: [0.267459, 0.819872]
  HI[0] (first): 0.307608
  HI[92] (last): 0.819872
  Loss Term 1 contribution: 0.032446 (target: h_n(T_n)=1)
  Loss Term 2 contribution: 0.013364
  Monotonicity violations: 44/92
  Loss Term 3 contribution: 0.027764
  Convexity violations: 50/91
  Gradient (dHI/dt) stats:
    Mean: 0.005568, Std: 0.040700

[Engine 6] T_n=63
  HI range: [0.294624, 0.807162]
  HI[0] (first): 0.420714
  HI[62] (last): 0.807162
  Loss Term 1 contribution: 0.037187 (target: h_n(T_n)=1)
  Loss Term 2 contribution: 0.013069
  Monotonicity violations: 27/62
  Loss Term 3 contribution: 0.027973
  Convexity violations: 31/61
  Gradient (dHI/dt) stats:
    Mean: 0.006233, Std: 0.041021

[Engine 7] T_n=80
  HI range: [0.289151, 0.826197]
  HI[0] (first): 0.426034
  HI[79] (last): 0.826197
  Loss Term 1 contribution: 0.030208 (target: h_n(T_n)=1)
  Loss Term 2 contribution: 0.011035
  Monotonicity violations: 40/79
  Loss Term 3 contribution: 0.023843
  Convexity violations: 40/78
  Gradient (dHI/dt) stats:
    Mean: 0.005065, Std: 0.034426

[Engine 8] T_n=71
  HI range: [0.308911, 0.891493]
  HI[0] (first): 0.324492
  HI[70] (last): 0.891493
  Loss Term 1 contribution: 0.011774 (target: h_n(T_n)=1)
  Loss Term 2 contribution: 0.013447
  Monotonicity violations: 28/70
  Loss Term 3 contribution: 0.029936
  Convexity violations: 39/69
  Gradient (dHI/dt) stats:
    Mean: 0.008100, Std: 0.046943

[Engine 9] T_n=84
  HI range: [0.290714, 0.830443]
  HI[0] (first): 0.322940
  HI[83] (last): 0.830443
  Loss Term 1 contribution: 0.028749 (target: h_n(T_n)=1)
  Loss Term 2 contribution: 0.013344
  Monotonicity violations: 33/83
  Loss Term 3 contribution: 0.028110
  Convexity violations: 45/82
  Gradient (dHI/dt) stats:
    Mean: 0.006115, Std: 0.039443

================================================================================
LOSS BREAKDOWN:
  Term 0 (Initial HI <= 0.2): 0.237689 (×1.0)
  Term 1 (Target HI=1): 0.407612 (×1.0)
  Term 2 (Monotonicity): 0.110175 (×6.0)
  Term 3 (Convexity): 0.236512 (×2.0)
  Total Loss: 1.779375
================================================================================

PARAMETER GRADIENTS (averaged over 9 engines):
  W1: mean=-0.00110617, std=0.00260966, max_abs=0.00473114
  b1: mean=0.00442433, std=0.00575529, max_abs=0.01116109
  W2: mean=-0.00006128, std=0.00179762, max_abs=0.00273825
  b2: mean=-0.00028279, std=0.00582605, max_abs=0.00610884
  W3: mean=0.00003161, std=0.05562506, max_abs=0.05565666
  b3: mean=-0.09418648, std=0.00000000, max_abs=0.09418648

ADAM OPTIMIZER UPDATE (step 700):
  W1: update_mean=-0.00002608, update_max_abs=0.00015883
  b1: update_mean=0.00022342, update_max_abs=0.00055717

================================================================================
EPOCH 800 - LOSS COMPUTATION
================================================================================

[Engine 1] T_n=72
  HI range: [0.264707, 0.693361]
  HI[0] (first): 0.343505
  HI[71] (last): 0.693361
  Loss Term 1 contribution: 0.094027 (target: h_n(T_n)=1)
  Loss Term 2 contribution: 0.013488
  Monotonicity violations: 32/71
  Loss Term 3 contribution: 0.028136
  Convexity violations: 39/70
  Gradient (dHI/dt) stats:
    Mean: 0.004928, Std: 0.040926

[Engine 2] T_n=73
  HI range: [0.213558, 0.774319]
  HI[0] (first): 0.349930
  HI[72] (last): 0.774319
  Loss Term 1 contribution: 0.050932 (target: h_n(T_n)=1)
  Loss Term 2 contribution: 0.012633
  Monotonicity violations: 30/72
  Loss Term 3 contribution: 0.027324
  Convexity violations: 38/71
  Gradient (dHI/dt) stats:
    Mean: 0.005894, Std: 0.040391

[Engine 3] T_n=67
  HI range: [0.247693, 0.818227]
  HI[0] (first): 0.360063
  HI[66] (last): 0.818227
  Loss Term 1 contribution: 0.033041 (target: h_n(T_n)=1)
  Loss Term 2 contribution: 0.010156
  Monotonicity violations: 31/66
  Loss Term 3 contribution: 0.022841
  Convexity violations: 32/65
  Gradient (dHI/dt) stats:
    Mean: 0.006942, Std: 0.036295

[Engine 4] T_n=60
  HI range: [0.325836, 0.723454]
  HI[0] (first): 0.338021
  HI[59] (last): 0.723454
  Loss Term 1 contribution: 0.076477 (target: h_n(T_n)=1)
  Loss Term 2 contribution: 0.009785
  Monotonicity violations: 23/59
  Loss Term 3 contribution: 0.021266
  Convexity violations: 31/58
  Gradient (dHI/dt) stats:
    Mean: 0.006533, Std: 0.031679

[Engine 5] T_n=93
  HI range: [0.261726, 0.833042]
  HI[0] (first): 0.301277
  HI[92] (last): 0.833042
  Loss Term 1 contribution: 0.027875 (target: h_n(T_n)=1)
  Loss Term 2 contribution: 0.013482
  Monotonicity violations: 44/92
  Loss Term 3 contribution: 0.028148
  Convexity violations: 50/91
  Gradient (dHI/dt) stats:
    Mean: 0.005780, Std: 0.041349

[Engine 6] T_n=63
  HI range: [0.289213, 0.819598]
  HI[0] (first): 0.414272
  HI[62] (last): 0.819598
  Loss Term 1 contribution: 0.032545 (target: h_n(T_n)=1)
  Loss Term 2 contribution: 0.013135
  Monotonicity violations: 27/62
  Loss Term 3 contribution: 0.028301
  Convexity violations: 31/61
  Gradient (dHI/dt) stats:
    Mean: 0.006538, Std: 0.041332

[Engine 7] T_n=80
  HI range: [0.283149, 0.840236]
  HI[0] (first): 0.419825
  HI[79] (last): 0.840236
  Loss Term 1 contribution: 0.025524 (target: h_n(T_n)=1)
  Loss Term 2 contribution: 0.011201
  Monotonicity violations: 40/79
  Loss Term 3 contribution: 0.024418
  Convexity violations: 39/78
  Gradient (dHI/dt) stats:
    Mean: 0.005322, Std: 0.035107

[Engine 8] T_n=71
  HI range: [0.303323, 0.913269]
  HI[0] (first): 0.318314
  HI[70] (last): 0.913269
  Loss Term 1 contribution: 0.007522 (target: h_n(T_n)=1)
  Loss Term 2 contribution: 0.013567
  Monotonicity violations: 28/70
  Loss Term 3 contribution: 0.030429
  Convexity violations: 39/69
  Gradient (dHI/dt) stats:
    Mean: 0.008499, Std: 0.047864

[Engine 9] T_n=84
  HI range: [0.284602, 0.844854]
  HI[0] (first): 0.316596
  HI[83] (last): 0.844854
  Loss Term 1 contribution: 0.024070 (target: h_n(T_n)=1)
  Loss Term 2 contribution: 0.013389
  Monotonicity violations: 33/83
  Loss Term 3 contribution: 0.028277
  Convexity violations: 45/82
  Gradient (dHI/dt) stats:
    Mean: 0.006365, Std: 0.039797

================================================================================
LOSS BREAKDOWN:
  Term 0 (Initial HI <= 0.2): 0.219827 (×1.0)
  Term 1 (Target HI=1): 0.372015 (×1.0)
  Term 2 (Monotonicity): 0.110835 (×6.0)
  Term 3 (Convexity): 0.239140 (×2.0)
  Total Loss: 1.735133
================================================================================

PARAMETER GRADIENTS (averaged over 9 engines):
  W1: mean=-0.00007091, std=0.00157055, max_abs=0.00254882
  b1: mean=0.00432081, std=0.00527762, max_abs=0.01219642
  W2: mean=-0.00004137, std=0.00119288, max_abs=0.00207476
  b2: mean=-0.00029947, std=0.00672347, max_abs=0.00702293
  W3: mean=0.00002255, std=0.04426593, max_abs=0.04428848
  b3: mean=-0.08396412, std=0.00000000, max_abs=0.08396412

ADAM OPTIMIZER UPDATE (step 800):
  W1: update_mean=-0.00002770, update_max_abs=0.00018988
  b1: update_mean=0.00022913, update_max_abs=0.00063264

Epoch 800/1000, Loss: 1.735133

================================================================================
EPOCH 900 - LOSS COMPUTATION
================================================================================

[Engine 1] T_n=72
  HI range: [0.261004, 0.695208]
  HI[0] (first): 0.338533
  HI[71] (last): 0.695208
  Loss Term 1 contribution: 0.092898 (target: h_n(T_n)=1)
  Loss Term 2 contribution: 0.013408
  Monotonicity violations: 32/71
  Loss Term 3 contribution: 0.028031
  Convexity violations: 39/70
  Gradient (dHI/dt) stats:
    Mean: 0.005024, Std: 0.040909

[Engine 2] T_n=73
  HI range: [0.210345, 0.780835]
  HI[0] (first): 0.345137
  HI[72] (last): 0.780835
  Loss Term 1 contribution: 0.048033 (target: h_n(T_n)=1)
  Loss Term 2 contribution: 0.012628
  Monotonicity violations: 30/72
  Loss Term 3 contribution: 0.027411
  Convexity violations: 37/71
  Gradient (dHI/dt) stats:
    Mean: 0.006051, Std: 0.040499

[Engine 3] T_n=67
  HI range: [0.243407, 0.827792]
  HI[0] (first): 0.354166
  HI[66] (last): 0.827792
  Loss Term 1 contribution: 0.029656 (target: h_n(T_n)=1)
  Loss Term 2 contribution: 0.010097
  Monotonicity violations: 32/66
  Loss Term 3 contribution: 0.022798
  Convexity violations: 32/65
  Gradient (dHI/dt) stats:
    Mean: 0.007176, Std: 0.036350

[Engine 4] T_n=60
  HI range: [0.321174, 0.727561]
  HI[0] (first): 0.332622
  HI[59] (last): 0.727561
  Loss Term 1 contribution: 0.074223 (target: h_n(T_n)=1)
  Loss Term 2 contribution: 0.009768
  Monotonicity violations: 23/59
  Loss Term 3 contribution: 0.021338
  Convexity violations: 32/58
  Gradient (dHI/dt) stats:
    Mean: 0.006694, Std: 0.031881

[Engine 5] T_n=93
  HI range: [0.258109, 0.842973]
  HI[0] (first): 0.296316
  HI[92] (last): 0.842973
  Loss Term 1 contribution: 0.024658 (target: h_n(T_n)=1)
  Loss Term 2 contribution: 0.013568
  Monotonicity violations: 44/92
  Loss Term 3 contribution: 0.028475
  Convexity violations: 50/91
  Gradient (dHI/dt) stats:
    Mean: 0.005942, Std: 0.041848

[Engine 6] T_n=63
  HI range: [0.286329, 0.829699]
  HI[0] (first): 0.409745
  HI[62] (last): 0.829699
  Loss Term 1 contribution: 0.029002 (target: h_n(T_n)=1)
  Loss Term 2 contribution: 0.013130
  Monotonicity violations: 27/62
  Loss Term 3 contribution: 0.028420
  Convexity violations: 32/61
  Gradient (dHI/dt) stats:
    Mean: 0.006773, Std: 0.041415

[Engine 7] T_n=80
  HI range: [0.279086, 0.851125]
  HI[0] (first): 0.413938
  HI[79] (last): 0.851125
  Loss Term 1 contribution: 0.022164 (target: h_n(T_n)=1)
  Loss Term 2 contribution: 0.011361
  Monotonicity violations: 38/79
  Loss Term 3 contribution: 0.024995
  Convexity violations: 40/78
  Gradient (dHI/dt) stats:
    Mean: 0.005534, Std: 0.035670

[Engine 8] T_n=71
  HI range: [0.300161, 0.930256]
  HI[0] (first): 0.313854
  HI[70] (last): 0.930256
  Loss Term 1 contribution: 0.004864 (target: h_n(T_n)=1)
  Loss Term 2 contribution: 0.013486
  Monotonicity violations: 27/70
  Loss Term 3 contribution: 0.030472
  Convexity violations: 39/69
  Gradient (dHI/dt) stats:
    Mean: 0.008806, Std: 0.048251

[Engine 9] T_n=84
  HI range: [0.280379, 0.856059]
  HI[0] (first): 0.311334
  HI[83] (last): 0.856059
  Loss Term 1 contribution: 0.020719 (target: h_n(T_n)=1)
  Loss Term 2 contribution: 0.013393
  Monotonicity violations: 33/83
  Loss Term 3 contribution: 0.028283
  Convexity violations: 45/82
  Gradient (dHI/dt) stats:
    Mean: 0.006563, Std: 0.039971

================================================================================
LOSS BREAKDOWN:
  Term 0 (Initial HI <= 0.2): 0.206009 (×1.0)
  Term 1 (Target HI=1): 0.346217 (×1.0)
  Term 2 (Monotonicity): 0.110839 (×6.0)
  Term 3 (Convexity): 0.240223 (×2.0)
  Total Loss: 1.697703
================================================================================

PARAMETER GRADIENTS (averaged over 9 engines):
  W1: mean=-0.02218762, std=0.03972523, max_abs=0.05797183
  b1: mean=0.00415884, std=0.00517062, max_abs=0.01253353
  W2: mean=-0.00003628, std=0.00341915, max_abs=0.00630720
  b2: mean=-0.00033562, std=0.00735500, max_abs=0.00769062
  W3: mean=0.00007496, std=0.03605558, max_abs=0.03613054
  b3: mean=-0.07618813, std=0.00000000, max_abs=0.07618813

ADAM OPTIMIZER UPDATE (step 900):
  W1: update_mean=-0.00013368, update_max_abs=0.00040277
  b1: update_mean=0.00025210, update_max_abs=0.00075121

================================================================================
EPOCH 1000 - LOSS COMPUTATION
================================================================================

[Engine 1] T_n=72
  HI range: [0.258174, 0.696902]
  HI[0] (first): 0.333492
  HI[71] (last): 0.696902
  Loss Term 1 contribution: 0.091868 (target: h_n(T_n)=1)
  Loss Term 2 contribution: 0.013179
  Monotonicity violations: 32/71
  Loss Term 3 contribution: 0.027610
  Convexity violations: 40/70
  Gradient (dHI/dt) stats:
    Mean: 0.005118, Std: 0.040450

[Engine 2] T_n=73
  HI range: [0.209673, 0.786943]
  HI[0] (first): 0.339927
  HI[72] (last): 0.786943
  Loss Term 1 contribution: 0.045393 (target: h_n(T_n)=1)
  Loss Term 2 contribution: 0.012614
  Monotonicity violations: 30/72
  Loss Term 3 contribution: 0.027483
  Convexity violations: 39/71
  Gradient (dHI/dt) stats:
    Mean: 0.006209, Std: 0.040492

[Engine 3] T_n=67
  HI range: [0.241267, 0.835857]
  HI[0] (first): 0.348986
  HI[66] (last): 0.835857
  Loss Term 1 contribution: 0.026943 (target: h_n(T_n)=1)
  Loss Term 2 contribution: 0.010060
  Monotonicity violations: 32/66
  Loss Term 3 contribution: 0.022882
  Convexity violations: 33/65
  Gradient (dHI/dt) stats:
    Mean: 0.007377, Std: 0.036393

[Engine 4] T_n=60
  HI range: [0.316556, 0.731934]
  HI[0] (first): 0.327804
  HI[59] (last): 0.731934
  Loss Term 1 contribution: 0.071859 (target: h_n(T_n)=1)
  Loss Term 2 contribution: 0.009666
  Monotonicity violations: 23/59
  Loss Term 3 contribution: 0.021285
  Convexity violations: 31/58
  Gradient (dHI/dt) stats:
    Mean: 0.006850, Std: 0.031974

[Engine 5] T_n=93
  HI range: [0.255383, 0.853823]
  HI[0] (first): 0.292225
  HI[92] (last): 0.853823
  Loss Term 1 contribution: 0.021368 (target: h_n(T_n)=1)
  Loss Term 2 contribution: 0.013489
  Monotonicity violations: 45/92
  Loss Term 3 contribution: 0.028460
  Convexity violations: 50/91
  Gradient (dHI/dt) stats:
    Mean: 0.006104, Std: 0.042070

[Engine 6] T_n=63
  HI range: [0.282699, 0.839747]
  HI[0] (first): 0.403227
  HI[62] (last): 0.839747
  Loss Term 1 contribution: 0.025681 (target: h_n(T_n)=1)
  Loss Term 2 contribution: 0.013115
  Monotonicity violations: 28/62
  Loss Term 3 contribution: 0.028603
  Convexity violations: 31/61
  Gradient (dHI/dt) stats:
    Mean: 0.007041, Std: 0.041438

[Engine 7] T_n=80
  HI range: [0.275598, 0.862323]
  HI[0] (first): 0.408725
  HI[79] (last): 0.862323
  Loss Term 1 contribution: 0.018955 (target: h_n(T_n)=1)
  Loss Term 2 contribution: 0.011496
  Monotonicity violations: 37/79
  Loss Term 3 contribution: 0.025303
  Convexity violations: 40/78
  Gradient (dHI/dt) stats:
    Mean: 0.005742, Std: 0.036234

[Engine 8] T_n=71
  HI range: [0.296178, 0.946217]
  HI[0] (first): 0.309455
  HI[70] (last): 0.946217
  Loss Term 1 contribution: 0.002893 (target: h_n(T_n)=1)
  Loss Term 2 contribution: 0.013491
  Monotonicity violations: 29/70
  Loss Term 3 contribution: 0.030754
  Convexity violations: 38/69
  Gradient (dHI/dt) stats:
    Mean: 0.009097, Std: 0.048818

[Engine 9] T_n=84
  HI range: [0.276883, 0.866312]
  HI[0] (first): 0.306952
  HI[83] (last): 0.866312
  Loss Term 1 contribution: 0.017872 (target: h_n(T_n)=1)
  Loss Term 2 contribution: 0.013214
  Monotonicity violations: 32/83
  Loss Term 3 contribution: 0.027949
  Convexity violations: 45/82
  Gradient (dHI/dt) stats:
    Mean: 0.006739, Std: 0.039772

================================================================================
LOSS BREAKDOWN:
  Term 0 (Initial HI <= 0.2): 0.192723 (×1.0)
  Term 1 (Target HI=1): 0.322832 (×1.0)
  Term 2 (Monotonicity): 0.110324 (×6.0)
  Term 3 (Convexity): 0.240329 (×2.0)
  Total Loss: 1.658157
================================================================================

PARAMETER GRADIENTS (averaged over 9 engines):
  W1: mean=0.00389052, std=0.00843809, max_abs=0.01974241
  b1: mean=0.00535091, std=0.00745582, max_abs=0.01783483
  W2: mean=-0.00000285, std=0.00096954, max_abs=0.00160136
  b2: mean=-0.00036165, std=0.00730567, max_abs=0.00766733
  W3: mean=0.00000530, std=0.02918408, max_abs=0.02918938
  b3: mean=-0.06869939, std=0.00000000, max_abs=0.06869939

ADAM OPTIMIZER UPDATE (step 1000):
  W1: update_mean=-0.00000322, update_max_abs=0.00038955
  b1: update_mean=0.00029774, update_max_abs=0.00095758

Epoch 1000/1000, Loss: 1.658157
  MLP final loss: 1.658157
  HI monotonicity rate  : 0.5610  (목표: 높을수록 좋음)
  HI smoothness (|ΔHI|) : 0.030603 (목표: 낮을수록 좋음)

  총 실행 시간: 20.9s

======================================================================
  PIPELINE: Adaptive //250  (window=0)
======================================================================

=== Normal Range summary (A_dev index) ===
Total normal ranges : 9
  Engine 1 : [0, 156352] (len=156353)
  Engine 2 : [308489, 526119] (len=217631)
  Engine 3 : [955653, 1167122] (len=211470)
  Engine 4 : [1545490, 1752373] (len=206884)
  Engine 5 : [2084577, 2236339] (len=151763)
  Engine 6 : [2485720, 2754276] (len=268557)
  Engine 7 : [3432229, 3656713] (len=224485)
  Engine 8 : [4132089, 4383309] (len=251221)
  Engine 9 : [5207095, 5368001] (len=160907)

=== Abnormal Range summary (A_dev index) ===
Total abnormal ranges : 9
  Engine 1 : [156353, 308488] (len=152136)
  Engine 2 : [526120, 955652] (len=429533)
  Engine 3 : [1167123, 1545489] (len=378367)
  Engine 4 : [1752374, 2084576] (len=332203)
  Engine 5 : [2236340, 2485719] (len=249380)
  Engine 6 : [2754277, 3432228] (len=677952)
  Engine 7 : [3656714, 4132088] (len=475375)
  Engine 8 : [4383310, 5207094] (len=823785)
  Engine 9 : [5368002, 5571276] (len=203275)

=== DEV All Range summary (A_dev index) ===
Total dev ranges : 9
  Engine 1 : [0, 308488] (len=308489)
  Engine 2 : [308489, 955652] (len=647164)
  Engine 3 : [955653, 1545489] (len=589837)
  Engine 4 : [1545490, 2084576] (len=539087)
  Engine 5 : [2084577, 2485719] (len=401143)
  Engine 6 : [2485720, 3432228] (len=946509)
  Engine 7 : [3432229, 4132088] (len=699860)
  Engine 8 : [4132089, 5207094] (len=1075006)
  Engine 9 : [5207095, 5571276] (len=364182)

=== Test Abnormal Range summary (A_test index) ===
Total test abnormal ranges : 6
  Engine 10 : [249848, 951108] (len=701261)
  Engine 11 : [1212316, 1775600] (len=563285)
  Engine 12 : [1931041, 2181009] (len=249969)
  Engine 13 : [2432683, 3287901] (len=855219)
  Engine 14 : [3447483, 3633385] (len=185903)
  Engine 15 : [3850316, 4251559] (len=401244)

=== TEST All Range summary (A_test index) ===
Total test ranges : 6
  Engine 10 : [0, 951108] (len=951109)
  Engine 11 : [951109, 1775600] (len=824492)
  Engine 12 : [1775601, 2181009] (len=405409)
  Engine 13 : [2181010, 3287901] (len=1106892)
  Engine 14 : [3287902, 3633385] (len=345484)
  Engine 15 : [3633386, 4251559] (len=618174)

=== DEV sampling (normal state, from A_dev) ===
Target engines : [np.int64(1), np.int64(2), np.int64(3), np.int64(4), np.int64(5), np.int64(6), np.int64(7), np.int64(8), np.int64(9)]
Samples per range (K) : 20
  Engine 1 | range [0,156352] | range_len=156353 | sampled=20
  Engine 2 | range [308489,526119] | range_len=217631 | sampled=20
  Engine 3 | range [955653,1167122] | range_len=211470 | sampled=20
  Engine 4 | range [1545490,1752373] | range_len=206884 | sampled=20
  Engine 5 | range [2084577,2236339] | range_len=151763 | sampled=20
  Engine 6 | range [2485720,2754276] | range_len=268557 | sampled=20
  Engine 7 | range [3432229,3656713] | range_len=224485 | sampled=20
  Engine 8 | range [4132089,4383309] | range_len=251221 | sampled=20
  Engine 9 | range [5207095,5368001] | range_len=160907 | sampled=20

DEV sampled count by engine:
  Engine 1 : 20
  Engine 2 : 20
  Engine 3 : 20
  Engine 4 : 20
  Engine 5 : 20
  Engine 6 : 20
  Engine 7 : 20
  Engine 8 : 20
  Engine 9 : 20

Total DEV sampled indices: 180

=== DEV sampling (abnormal state, from A_dev) ===
Samples per cycle (N) : 10

Total DEV sampled indices: 6630

=== TEST sampling (abnormal state, from A_test) ===
Samples per cycle (N) : 10

Total TEST sampled indices: 4380

[Data prep] adaptive window (//250)
  Range windows: [625, 870, 845, 827, 607, 1074, 897, 1004, 643]
  Training data size    : 180
  Outlier rate (>3σ)    : 0.0056
  Mean IQR (sensors)    : 79.5043

[GPR training]
  GPR Iter 10/100 - Loss: 0.8658
  GPR Iter 20/100 - Loss: 0.3839
  GPR Iter 30/100 - Loss: -0.0729
  GPR Iter 40/100 - Loss: -0.4320
  GPR Iter 50/100 - Loss: -0.5921
  GPR Iter 60/100 - Loss: -0.6423
  GPR Iter 70/100 - Loss: -0.6895
  GPR Iter 80/100 - Loss: -0.7131
  GPR Iter 90/100 - Loss: -0.7313
  GPR Iter 100/100 - Loss: -0.7427
  GPR final loss: -0.7427
  Residual STD (avg over sensors): 10.3320
  Residual MAE (avg over sensors): 6.1290
T48: mean=6.0058, std=10.4235
T50: mean=5.3501, std=7.6591
Wf: mean=0.0516, std=0.0416

[MLP training] epochs=1000
Debug epochs: [100, 200, 300, 400, 500, 600, 700, 800, 900, 1000]
Number of engines: 9
  Engine 1: 72 cycles
  Engine 2: 73 cycles
  Engine 3: 67 cycles
  Engine 4: 60 cycles
  Engine 5: 93 cycles
  Engine 6: 63 cycles
  Engine 7: 80 cycles
  Engine 8: 71 cycles
  Engine 9: 84 cycles

================================================================================
EPOCH 100 - LOSS COMPUTATION
================================================================================

[Engine 1] T_n=72
  HI range: [0.112869, 0.212509]
  HI[0] (first): 0.131079
  HI[71] (last): 0.212509
  Loss Term 1 contribution: 0.620142 (target: h_n(T_n)=1)
  Loss Term 2 contribution: 0.002727
  Monotonicity violations: 31/71
  Loss Term 3 contribution: 0.005332
  Convexity violations: 36/70
  Gradient (dHI/dt) stats:
    Mean: 0.001147, Std: 0.008023

[Engine 2] T_n=73
  HI range: [0.108924, 0.228383]
  HI[0] (first): 0.132486
  HI[72] (last): 0.228383
  Loss Term 1 contribution: 0.595392 (target: h_n(T_n)=1)
  Loss Term 2 contribution: 0.002518
  Monotonicity violations: 34/72
  Loss Term 3 contribution: 0.005168
  Convexity violations: 40/71
  Gradient (dHI/dt) stats:
    Mean: 0.001332, Std: 0.008086

[Engine 3] T_n=67
  HI range: [0.116036, 0.230377]
  HI[0] (first): 0.132361
  HI[66] (last): 0.230377
  Loss Term 1 contribution: 0.592320 (target: h_n(T_n)=1)
  Loss Term 2 contribution: 0.002219
  Monotonicity violations: 29/66
  Loss Term 3 contribution: 0.004826
  Convexity violations: 34/65
  Gradient (dHI/dt) stats:
    Mean: 0.001485, Std: 0.007806

[Engine 4] T_n=60
  HI range: [0.128271, 0.220067]
  HI[0] (first): 0.134800
  HI[59] (last): 0.220067
  Loss Term 1 contribution: 0.608295 (target: h_n(T_n)=1)
  Loss Term 2 contribution: 0.001863
  Monotonicity violations: 24/59
  Loss Term 3 contribution: 0.004449
  Convexity violations: 26/58
  Gradient (dHI/dt) stats:
    Mean: 0.001445, Std: 0.006194

[Engine 5] T_n=93
  HI range: [0.112372, 0.230401]
  HI[0] (first): 0.121076
  HI[92] (last): 0.230401
  Loss Term 1 contribution: 0.592283 (target: h_n(T_n)=1)
  Loss Term 2 contribution: 0.002902
  Monotonicity violations: 40/92
  Loss Term 3 contribution: 0.005514
  Convexity violations: 47/91
  Gradient (dHI/dt) stats:
    Mean: 0.001188, Std: 0.008600

[Engine 6] T_n=63
  HI range: [0.128806, 0.236468]
  HI[0] (first): 0.143076
  HI[62] (last): 0.236468
  Loss Term 1 contribution: 0.582982 (target: h_n(T_n)=1)
  Loss Term 2 contribution: 0.002758
  Monotonicity violations: 25/62
  Loss Term 3 contribution: 0.005949
  Convexity violations: 33/61
  Gradient (dHI/dt) stats:
    Mean: 0.001506, Std: 0.008020

[Engine 7] T_n=80
  HI range: [0.130928, 0.233731]
  HI[0] (first): 0.149583
  HI[79] (last): 0.233731
  Loss Term 1 contribution: 0.587168 (target: h_n(T_n)=1)
  Loss Term 2 contribution: 0.002410
  Monotonicity violations: 37/79
  Loss Term 3 contribution: 0.004948
  Convexity violations: 40/78
  Gradient (dHI/dt) stats:
    Mean: 0.001065, Std: 0.006929

[Engine 8] T_n=71
  HI range: [0.128620, 0.240868]
  HI[0] (first): 0.132081
  HI[70] (last): 0.240868
  Loss Term 1 contribution: 0.576282 (target: h_n(T_n)=1)
  Loss Term 2 contribution: 0.002226
  Monotonicity violations: 30/70
  Loss Term 3 contribution: 0.005038
  Convexity violations: 39/69
  Gradient (dHI/dt) stats:
    Mean: 0.001554, Std: 0.007341

[Engine 9] T_n=84
  HI range: [0.116560, 0.229897]
  HI[0] (first): 0.125327
  HI[83] (last): 0.229897
  Loss Term 1 contribution: 0.593058 (target: h_n(T_n)=1)
  Loss Term 2 contribution: 0.002749
  Monotonicity violations: 30/83
  Loss Term 3 contribution: 0.005972
  Convexity violations: 44/82
  Gradient (dHI/dt) stats:
    Mean: 0.001260, Std: 0.008528

================================================================================
LOSS BREAKDOWN:
  Term 0 (Initial HI <= 0.2): 0.000000 (×1.0)
  Term 1 (Target HI=1): 5.347923 (×1.0)
  Term 2 (Monotonicity): 0.022373 (×6.0)
  Term 3 (Convexity): 0.047196 (×2.0)
  Total Loss: 5.576556
================================================================================

PARAMETER GRADIENTS (averaged over 9 engines):
  W1: mean=-0.00904615, std=0.03116034, max_abs=0.04771667
  b1: mean=-0.01755257, std=0.02971437, max_abs=0.03489115
  W2: mean=-0.00159034, std=0.08973134, max_abs=0.09464482
  b2: mean=-0.00607231, std=0.18420721, max_abs=0.19027951
  W3: mean=0.01206009, std=0.61361092, max_abs=0.62567101
  b3: mean=-1.54162216, std=0.00000000, max_abs=1.54162216

ADAM OPTIMIZER UPDATE (step 100):
  W1: update_mean=-0.00020178, update_max_abs=0.00172136
  b1: update_mean=-0.00082254, update_max_abs=0.00167252

================================================================================
EPOCH 200 - LOSS COMPUTATION
================================================================================

[Engine 1] T_n=72
  HI range: [0.265616, 0.565675]
  HI[0] (first): 0.315748
  HI[71] (last): 0.565675
  Loss Term 1 contribution: 0.188638 (target: h_n(T_n)=1)
  Loss Term 2 contribution: 0.008923
  Monotonicity violations: 30/71
  Loss Term 3 contribution: 0.018205
  Convexity violations: 34/70
  Gradient (dHI/dt) stats:
    Mean: 0.003520, Std: 0.026297

[Engine 2] T_n=73
  HI range: [0.264233, 0.595662]
  HI[0] (first): 0.334985
  HI[72] (last): 0.595662
  Loss Term 1 contribution: 0.163489 (target: h_n(T_n)=1)
  Loss Term 2 contribution: 0.007946
  Monotonicity violations: 34/72
  Loss Term 3 contribution: 0.015168
  Convexity violations: 37/71
  Gradient (dHI/dt) stats:
    Mean: 0.003621, Std: 0.024422

[Engine 3] T_n=67
  HI range: [0.279860, 0.595399]
  HI[0] (first): 0.332590
  HI[66] (last): 0.595399
  Loss Term 1 contribution: 0.163702 (target: h_n(T_n)=1)
  Loss Term 2 contribution: 0.007828
  Monotonicity violations: 27/66
  Loss Term 3 contribution: 0.016321
  Convexity violations: 33/65
  Gradient (dHI/dt) stats:
    Mean: 0.003982, Std: 0.025327

[Engine 4] T_n=60
  HI range: [0.312916, 0.578134]
  HI[0] (first): 0.343093
  HI[59] (last): 0.578134
  Loss Term 1 contribution: 0.177971 (target: h_n(T_n)=1)
  Loss Term 2 contribution: 0.007684
  Monotonicity violations: 23/59
  Loss Term 3 contribution: 0.016588
  Convexity violations: 28/58
  Gradient (dHI/dt) stats:
    Mean: 0.003984, Std: 0.022279

[Engine 5] T_n=93
  HI range: [0.263339, 0.597416]
  HI[0] (first): 0.283606
  HI[92] (last): 0.597416
  Loss Term 1 contribution: 0.162074 (target: h_n(T_n)=1)
  Loss Term 2 contribution: 0.009019
  Monotonicity violations: 39/92
  Loss Term 3 contribution: 0.017259
  Convexity violations: 53/91
  Gradient (dHI/dt) stats:
    Mean: 0.003411, Std: 0.026142

[Engine 6] T_n=63
  HI range: [0.312512, 0.603815]
  HI[0] (first): 0.359484
  HI[62] (last): 0.603815
  Loss Term 1 contribution: 0.156962 (target: h_n(T_n)=1)
  Loss Term 2 contribution: 0.009819
  Monotonicity violations: 25/62
  Loss Term 3 contribution: 0.021424
  Convexity violations: 33/61
  Gradient (dHI/dt) stats:
    Mean: 0.003941, Std: 0.027791

[Engine 7] T_n=80
  HI range: [0.325464, 0.601604]
  HI[0] (first): 0.395426
  HI[79] (last): 0.601604
  Loss Term 1 contribution: 0.158719 (target: h_n(T_n)=1)
  Loss Term 2 contribution: 0.007436
  Monotonicity violations: 33/79
  Loss Term 3 contribution: 0.014222
  Convexity violations: 38/78
  Gradient (dHI/dt) stats:
    Mean: 0.002610, Std: 0.020450

[Engine 8] T_n=71
  HI range: [0.314518, 0.613365]
  HI[0] (first): 0.314518
  HI[70] (last): 0.613365
  Loss Term 1 contribution: 0.149486 (target: h_n(T_n)=1)
  Loss Term 2 contribution: 0.008088
  Monotonicity violations: 31/70
  Loss Term 3 contribution: 0.018015
  Convexity violations: 39/69
  Gradient (dHI/dt) stats:
    Mean: 0.004269, Std: 0.025908

[Engine 9] T_n=84
  HI range: [0.281998, 0.595827]
  HI[0] (first): 0.301899
  HI[83] (last): 0.595827
  Loss Term 1 contribution: 0.163356 (target: h_n(T_n)=1)
  Loss Term 2 contribution: 0.008550
  Monotonicity violations: 29/83
  Loss Term 3 contribution: 0.018749
  Convexity violations: 42/82
  Gradient (dHI/dt) stats:
    Mean: 0.003541, Std: 0.026076

================================================================================
LOSS BREAKDOWN:
  Term 0 (Initial HI <= 0.2): 0.163789 (×1.0)
  Term 1 (Target HI=1): 1.484397 (×1.0)
  Term 2 (Monotonicity): 0.075292 (×6.0)
  Term 3 (Convexity): 0.155951 (×2.0)
  Total Loss: 2.411838
================================================================================

PARAMETER GRADIENTS (averaged over 9 engines):
  W1: mean=0.00155623, std=0.01507254, max_abs=0.02474574
  b1: mean=-0.00448452, std=0.00795542, max_abs=0.00943888
  W2: mean=-0.00081826, std=0.02910760, max_abs=0.03122070
  b2: mean=-0.00204976, std=0.05888955, max_abs=0.06093931
  W3: mean=0.00202483, std=0.38782187, max_abs=0.38984670
  b3: mean=-0.54927801, std=0.00000000, max_abs=0.54927801

ADAM OPTIMIZER UPDATE (step 200):
  W1: update_mean=0.00004496, update_max_abs=0.00125248
  b1: update_mean=-0.00026674, update_max_abs=0.00055241

Epoch 200/1000, Loss: 2.411838

================================================================================
EPOCH 300 - LOSS COMPUTATION
================================================================================

[Engine 1] T_n=72
  HI range: [0.334413, 0.675120]
  HI[0] (first): 0.386232
  HI[71] (last): 0.675120
  Loss Term 1 contribution: 0.105547 (target: h_n(T_n)=1)
  Loss Term 2 contribution: 0.009043
  Monotonicity violations: 29/71
  Loss Term 3 contribution: 0.018971
  Convexity violations: 34/70
  Gradient (dHI/dt) stats:
    Mean: 0.004069, Std: 0.028003

[Engine 2] T_n=73
  HI range: [0.348064, 0.719719]
  HI[0] (first): 0.409420
  HI[72] (last): 0.719719
  Loss Term 1 contribution: 0.078557 (target: h_n(T_n)=1)
  Loss Term 2 contribution: 0.007358
  Monotonicity violations: 31/72
  Loss Term 3 contribution: 0.015043
  Convexity violations: 39/71
  Gradient (dHI/dt) stats:
    Mean: 0.004310, Std: 0.023524

[Engine 3] T_n=67
  HI range: [0.361241, 0.722504]
  HI[0] (first): 0.407971
  HI[66] (last): 0.722504
  Loss Term 1 contribution: 0.077004 (target: h_n(T_n)=1)
  Loss Term 2 contribution: 0.007584
  Monotonicity violations: 25/66
  Loss Term 3 contribution: 0.015877
  Convexity violations: 30/65
  Gradient (dHI/dt) stats:
    Mean: 0.004766, Std: 0.024470

[Engine 4] T_n=60
  HI range: [0.386162, 0.690788]
  HI[0] (first): 0.413128
  HI[59] (last): 0.690788
  Loss Term 1 contribution: 0.095612 (target: h_n(T_n)=1)
  Loss Term 2 contribution: 0.007567
  Monotonicity violations: 24/59
  Loss Term 3 contribution: 0.017016
  Convexity violations: 28/58
  Gradient (dHI/dt) stats:
    Mean: 0.004706, Std: 0.022922

[Engine 5] T_n=93
  HI range: [0.331205, 0.731729]
  HI[0] (first): 0.353586
  HI[92] (last): 0.731729
  Loss Term 1 contribution: 0.071969 (target: h_n(T_n)=1)
  Loss Term 2 contribution: 0.008870
  Monotonicity violations: 40/92
  Loss Term 3 contribution: 0.017963
  Convexity violations: 50/91
  Gradient (dHI/dt) stats:
    Mean: 0.004110, Std: 0.027098

[Engine 6] T_n=63
  HI range: [0.388526, 0.729815]
  HI[0] (first): 0.432550
  HI[62] (last): 0.729815
  Loss Term 1 contribution: 0.073000 (target: h_n(T_n)=1)
  Loss Term 2 contribution: 0.009545
  Monotonicity violations: 25/62
  Loss Term 3 contribution: 0.020995
  Convexity violations: 37/61
  Gradient (dHI/dt) stats:
    Mean: 0.004795, Std: 0.028870

[Engine 7] T_n=80
  HI range: [0.392880, 0.733897]
  HI[0] (first): 0.475788
  HI[79] (last): 0.733897
  Loss Term 1 contribution: 0.070811 (target: h_n(T_n)=1)
  Loss Term 2 contribution: 0.007000
  Monotonicity violations: 31/79
  Loss Term 3 contribution: 0.014128
  Convexity violations: 37/78
  Gradient (dHI/dt) stats:
    Mean: 0.003267, Std: 0.021241

[Engine 8] T_n=71
  HI range: [0.365746, 0.758486]
  HI[0] (first): 0.365746
  HI[70] (last): 0.758486
  Loss Term 1 contribution: 0.058329 (target: h_n(T_n)=1)
  Loss Term 2 contribution: 0.009806
  Monotonicity violations: 28/70
  Loss Term 3 contribution: 0.022135
  Convexity violations: 36/69
  Gradient (dHI/dt) stats:
    Mean: 0.005611, Std: 0.032105

[Engine 9] T_n=84
  HI range: [0.355880, 0.731088]
  HI[0] (first): 0.374142
  HI[83] (last): 0.731088
  Loss Term 1 contribution: 0.072314 (target: h_n(T_n)=1)
  Loss Term 2 contribution: 0.008194
  Monotonicity violations: 30/83
  Loss Term 3 contribution: 0.018288
  Convexity violations: 45/82
  Gradient (dHI/dt) stats:
    Mean: 0.004301, Std: 0.026088

================================================================================
LOSS BREAKDOWN:
  Term 0 (Initial HI <= 0.2): 0.378739 (×1.0)
  Term 1 (Target HI=1): 0.703144 (×1.0)
  Term 2 (Monotonicity): 0.074966 (×6.0)
  Term 3 (Convexity): 0.160415 (×2.0)
  Total Loss: 1.852511
================================================================================

PARAMETER GRADIENTS (averaged over 9 engines):
  W1: mean=0.00111245, std=0.01030353, max_abs=0.01596202
  b1: mean=0.01148673, std=0.01951602, max_abs=0.02295740
  W2: mean=-0.00036891, std=0.00991209, max_abs=0.01111814
  b2: mean=-0.00023932, std=0.01454298, max_abs=0.01478230
  W3: mean=0.00024426, std=0.17518028, max_abs=0.17542454
  b3: mean=-0.15295395, std=0.00000000, max_abs=0.15295395

ADAM OPTIMIZER UPDATE (step 300):
  W1: update_mean=0.00000925, update_max_abs=0.00078636
  b1: update_mean=0.00050120, update_max_abs=0.00101971

================================================================================
EPOCH 400 - LOSS COMPUTATION
================================================================================

[Engine 1] T_n=72
  HI range: [0.282701, 0.703233]
  HI[0] (first): 0.335866
  HI[71] (last): 0.703233
  Loss Term 1 contribution: 0.088071 (target: h_n(T_n)=1)
  Loss Term 2 contribution: 0.010379
  Monotonicity violations: 30/71
  Loss Term 3 contribution: 0.022058
  Convexity violations: 34/70
  Gradient (dHI/dt) stats:
    Mean: 0.005174, Std: 0.032702

[Engine 2] T_n=73
  HI range: [0.309259, 0.771700]
  HI[0] (first): 0.365900
  HI[72] (last): 0.771700
  Loss Term 1 contribution: 0.052121 (target: h_n(T_n)=1)
  Loss Term 2 contribution: 0.008074
  Monotonicity violations: 32/72
  Loss Term 3 contribution: 0.017470
  Convexity violations: 36/71
  Gradient (dHI/dt) stats:
    Mean: 0.005636, Std: 0.026908

[Engine 3] T_n=67
  HI range: [0.318331, 0.777580]
  HI[0] (first): 0.364687
  HI[66] (last): 0.777580
  Loss Term 1 contribution: 0.049471 (target: h_n(T_n)=1)
  Loss Term 2 contribution: 0.008470
  Monotonicity violations: 27/66
  Loss Term 3 contribution: 0.018356
  Convexity violations: 30/65
  Gradient (dHI/dt) stats:
    Mean: 0.006256, Std: 0.028155

[Engine 4] T_n=60
  HI range: [0.337648, 0.724556]
  HI[0] (first): 0.366784
  HI[59] (last): 0.724556
  Loss Term 1 contribution: 0.075870 (target: h_n(T_n)=1)
  Loss Term 2 contribution: 0.008605
  Monotonicity violations: 24/59
  Loss Term 3 contribution: 0.019864
  Convexity violations: 29/58
  Gradient (dHI/dt) stats:
    Mean: 0.006064, Std: 0.026960

[Engine 5] T_n=93
  HI range: [0.278679, 0.796337]
  HI[0] (first): 0.301564
  HI[92] (last): 0.796337
  Loss Term 1 contribution: 0.041479 (target: h_n(T_n)=1)
  Loss Term 2 contribution: 0.010118
  Monotonicity violations: 39/92
  Loss Term 3 contribution: 0.021136
  Convexity violations: 48/91
  Gradient (dHI/dt) stats:
    Mean: 0.005378, Std: 0.031357

[Engine 6] T_n=63
  HI range: [0.338265, 0.784506]
  HI[0] (first): 0.388196
  HI[62] (last): 0.784506
  Loss Term 1 contribution: 0.046438 (target: h_n(T_n)=1)
  Loss Term 2 contribution: 0.011791
  Monotonicity violations: 24/62
  Loss Term 3 contribution: 0.026478
  Convexity violations: 33/61
  Gradient (dHI/dt) stats:
    Mean: 0.006392, Std: 0.037228

[Engine 7] T_n=80
  HI range: [0.342319, 0.796807]
  HI[0] (first): 0.443994
  HI[79] (last): 0.796807
  Loss Term 1 contribution: 0.041287 (target: h_n(T_n)=1)
  Loss Term 2 contribution: 0.008157
  Monotonicity violations: 34/79
  Loss Term 3 contribution: 0.016625
  Convexity violations: 38/78
  Gradient (dHI/dt) stats:
    Mean: 0.004466, Std: 0.025752

[Engine 8] T_n=71
  HI range: [0.299831, 0.838857]
  HI[0] (first): 0.299831
  HI[70] (last): 0.838857
  Loss Term 1 contribution: 0.025967 (target: h_n(T_n)=1)
  Loss Term 2 contribution: 0.014032
  Monotonicity violations: 27/70
  Loss Term 3 contribution: 0.031852
  Convexity violations: 37/69
  Gradient (dHI/dt) stats:
    Mean: 0.007700, Std: 0.044573

[Engine 9] T_n=84
  HI range: [0.309010, 0.796259]
  HI[0] (first): 0.325279
  HI[83] (last): 0.796259
  Loss Term 1 contribution: 0.041510 (target: h_n(T_n)=1)
  Loss Term 2 contribution: 0.009267
  Monotonicity violations: 28/83
  Loss Term 3 contribution: 0.020606
  Convexity violations: 43/82
  Gradient (dHI/dt) stats:
    Mean: 0.005674, Std: 0.029613

================================================================================
LOSS BREAKDOWN:
  Term 0 (Initial HI <= 0.2): 0.231848 (×1.0)
  Term 1 (Target HI=1): 0.462213 (×1.0)
  Term 2 (Monotonicity): 0.088894 (×6.0)
  Term 3 (Convexity): 0.194445 (×2.0)
  Total Loss: 1.616314
================================================================================

PARAMETER GRADIENTS (averaged over 9 engines):
  W1: mean=-0.00057163, std=0.00192539, max_abs=0.00363353
  b1: mean=0.00880331, std=0.01459723, max_abs=0.01786440
  W2: mean=-0.00023074, std=0.00598468, max_abs=0.00693948
  b2: mean=-0.00028297, std=0.00594657, max_abs=0.00622953
  W3: mean=0.00013390, std=0.12793551, max_abs=0.12806941
  b3: mean=-0.13734785, std=0.00000000, max_abs=0.13734785

ADAM OPTIMIZER UPDATE (step 400):
  W1: update_mean=-0.00000796, update_max_abs=0.00022147
  b1: update_mean=0.00042378, update_max_abs=0.00086737

Epoch 400/1000, Loss: 1.616314

================================================================================
EPOCH 500 - LOSS COMPUTATION
================================================================================

[Engine 1] T_n=72
  HI range: [0.252365, 0.715369]
  HI[0] (first): 0.306364
  HI[71] (last): 0.715369
  Loss Term 1 contribution: 0.081015 (target: h_n(T_n)=1)
  Loss Term 2 contribution: 0.010871
  Monotonicity violations: 31/71
  Loss Term 3 contribution: 0.023245
  Convexity violations: 35/70
  Gradient (dHI/dt) stats:
    Mean: 0.005761, Std: 0.034573

[Engine 2] T_n=73
  HI range: [0.281052, 0.802821]
  HI[0] (first): 0.337446
  HI[72] (last): 0.802821
  Loss Term 1 contribution: 0.038879 (target: h_n(T_n)=1)
  Loss Term 2 contribution: 0.008480
  Monotonicity violations: 32/72
  Loss Term 3 contribution: 0.018795
  Convexity violations: 35/71
  Gradient (dHI/dt) stats:
    Mean: 0.006464, Std: 0.028831

[Engine 3] T_n=67
  HI range: [0.289575, 0.811189]
  HI[0] (first): 0.336327
  HI[66] (last): 0.811189
  Loss Term 1 contribution: 0.035650 (target: h_n(T_n)=1)
  Loss Term 2 contribution: 0.008874
  Monotonicity violations: 27/66
  Loss Term 3 contribution: 0.019659
  Convexity violations: 30/65
  Gradient (dHI/dt) stats:
    Mean: 0.007195, Std: 0.030289

[Engine 4] T_n=60
  HI range: [0.308520, 0.741802]
  HI[0] (first): 0.337836
  HI[59] (last): 0.741802
  Loss Term 1 contribution: 0.066666 (target: h_n(T_n)=1)
  Loss Term 2 contribution: 0.008985
  Monotonicity violations: 23/59
  Loss Term 3 contribution: 0.021041
  Convexity violations: 29/58
  Gradient (dHI/dt) stats:
    Mean: 0.006847, Std: 0.028713

[Engine 5] T_n=93
  HI range: [0.248233, 0.837019]
  HI[0] (first): 0.271342
  HI[92] (last): 0.837019
  Loss Term 1 contribution: 0.026563 (target: h_n(T_n)=1)
  Loss Term 2 contribution: 0.010712
  Monotonicity violations: 40/92
  Loss Term 3 contribution: 0.022753
  Convexity violations: 48/91
  Gradient (dHI/dt) stats:
    Mean: 0.006149, Std: 0.033627

[Engine 6] T_n=63
  HI range: [0.307058, 0.819600]
  HI[0] (first): 0.360580
  HI[62] (last): 0.819600
  Loss Term 1 contribution: 0.032544 (target: h_n(T_n)=1)
  Loss Term 2 contribution: 0.012726
  Monotonicity violations: 25/62
  Loss Term 3 contribution: 0.029046
  Convexity violations: 33/61
  Gradient (dHI/dt) stats:
    Mean: 0.007404, Std: 0.040562

[Engine 7] T_n=80
  HI range: [0.312445, 0.837168]
  HI[0] (first): 0.419707
  HI[79] (last): 0.837168
  Loss Term 1 contribution: 0.026514 (target: h_n(T_n)=1)
  Loss Term 2 contribution: 0.008809
  Monotonicity violations: 33/79
  Loss Term 3 contribution: 0.018167
  Convexity violations: 40/78
  Gradient (dHI/dt) stats:
    Mean: 0.005284, Std: 0.027990

[Engine 8] T_n=71
  HI range: [0.267573, 0.895727]
  HI[0] (first): 0.267573
  HI[70] (last): 0.895727
  Loss Term 1 contribution: 0.010873 (target: h_n(T_n)=1)
  Loss Term 2 contribution: 0.015370
  Monotonicity violations: 27/70
  Loss Term 3 contribution: 0.035246
  Convexity violations: 37/69
  Gradient (dHI/dt) stats:
    Mean: 0.008974, Std: 0.048814

[Engine 9] T_n=84
  HI range: [0.279404, 0.836955]
  HI[0] (first): 0.295649
  HI[83] (last): 0.836955
  Loss Term 1 contribution: 0.026584 (target: h_n(T_n)=1)
  Loss Term 2 contribution: 0.009807
  Monotonicity violations: 30/83
  Loss Term 3 contribution: 0.021985
  Convexity violations: 42/82
  Gradient (dHI/dt) stats:
    Mean: 0.006522, Std: 0.031529

================================================================================
LOSS BREAKDOWN:
  Term 0 (Initial HI <= 0.2): 0.160650 (×1.0)
  Term 1 (Target HI=1): 0.345288 (×1.0)
  Term 2 (Monotonicity): 0.094634 (×6.0)
  Term 3 (Convexity): 0.209939 (×2.0)
  Total Loss: 1.493618
================================================================================

PARAMETER GRADIENTS (averaged over 9 engines):
  W1: mean=-0.00030479, std=0.00338181, max_abs=0.00488857
  b1: mean=0.00554139, std=0.00842659, max_abs=0.01210102
  W2: mean=-0.00013582, std=0.00289365, max_abs=0.00360301
  b2: mean=-0.00034935, std=0.00356429, max_abs=0.00391363
  W3: mean=0.00007108, std=0.09070321, max_abs=0.09077429
  b3: mean=-0.12656130, std=0.00000000, max_abs=0.12656130

ADAM OPTIMIZER UPDATE (step 500):
  W1: update_mean=-0.00000406, update_max_abs=0.00036903
  b1: update_mean=0.00028390, update_max_abs=0.00061585

================================================================================
EPOCH 600 - LOSS COMPUTATION
================================================================================

[Engine 1] T_n=72
  HI range: [0.244959, 0.722364]
  HI[0] (first): 0.295750
  HI[71] (last): 0.722364
  Loss Term 1 contribution: 0.077082 (target: h_n(T_n)=1)
  Loss Term 2 contribution: 0.010774
  Monotonicity violations: 31/71
  Loss Term 3 contribution: 0.023222
  Convexity violations: 34/70
  Gradient (dHI/dt) stats:
    Mean: 0.006009, Std: 0.034895

[Engine 2] T_n=73
  HI range: [0.270698, 0.818939]
  HI[0] (first): 0.323255
  HI[72] (last): 0.818939
  Loss Term 1 contribution: 0.032783 (target: h_n(T_n)=1)
  Loss Term 2 contribution: 0.008406
  Monotonicity violations: 31/72
  Loss Term 3 contribution: 0.019114
  Convexity violations: 36/71
  Gradient (dHI/dt) stats:
    Mean: 0.006884, Std: 0.029176

[Engine 3] T_n=67
  HI range: [0.274760, 0.830641]
  HI[0] (first): 0.322198
  HI[66] (last): 0.830641
  Loss Term 1 contribution: 0.028683 (target: h_n(T_n)=1)
  Loss Term 2 contribution: 0.008908
  Monotonicity violations: 25/66
  Loss Term 3 contribution: 0.019915
  Convexity violations: 31/65
  Gradient (dHI/dt) stats:
    Mean: 0.007704, Std: 0.031020

[Engine 4] T_n=60
  HI range: [0.298056, 0.753051]
  HI[0] (first): 0.324239
  HI[59] (last): 0.753051
  Loss Term 1 contribution: 0.060984 (target: h_n(T_n)=1)
  Loss Term 2 contribution: 0.008923
  Monotonicity violations: 25/59
  Loss Term 3 contribution: 0.021083
  Convexity violations: 29/58
  Gradient (dHI/dt) stats:
    Mean: 0.007268, Std: 0.029129

[Engine 5] T_n=93
  HI range: [0.240814, 0.860492]
  HI[0] (first): 0.258347
  HI[92] (last): 0.860492
  Loss Term 1 contribution: 0.019463 (target: h_n(T_n)=1)
  Loss Term 2 contribution: 0.010817
  Monotonicity violations: 38/92
  Loss Term 3 contribution: 0.023380
  Convexity violations: 48/91
  Gradient (dHI/dt) stats:
    Mean: 0.006545, Std: 0.034797

[Engine 6] T_n=63
  HI range: [0.298215, 0.843409]
  HI[0] (first): 0.351403
  HI[62] (last): 0.843409
  Loss Term 1 contribution: 0.024521 (target: h_n(T_n)=1)
  Loss Term 2 contribution: 0.012498
  Monotonicity violations: 27/62
  Loss Term 3 contribution: 0.029123
  Convexity violations: 33/61
  Gradient (dHI/dt) stats:
    Mean: 0.007936, Std: 0.040230

[Engine 7] T_n=80
  HI range: [0.299350, 0.862392]
  HI[0] (first): 0.406507
  HI[79] (last): 0.862392
  Loss Term 1 contribution: 0.018936 (target: h_n(T_n)=1)
  Loss Term 2 contribution: 0.008945
  Monotonicity violations: 33/79
  Loss Term 3 contribution: 0.018760
  Convexity violations: 37/78
  Gradient (dHI/dt) stats:
    Mean: 0.005771, Std: 0.028734

[Engine 8] T_n=71
  HI range: [0.258981, 0.933765]
  HI[0] (first): 0.258981
  HI[70] (last): 0.933765
  Loss Term 1 contribution: 0.004387 (target: h_n(T_n)=1)
  Loss Term 2 contribution: 0.014905
  Monotonicity violations: 26/70
  Loss Term 3 contribution: 0.034537
  Convexity violations: 37/69
  Gradient (dHI/dt) stats:
    Mean: 0.009640, Std: 0.047966

[Engine 9] T_n=84
  HI range: [0.269261, 0.856131]
  HI[0] (first): 0.282218
  HI[83] (last): 0.856131
  Loss Term 1 contribution: 0.020698 (target: h_n(T_n)=1)
  Loss Term 2 contribution: 0.010047
  Monotonicity violations: 29/83
  Loss Term 3 contribution: 0.022808
  Convexity violations: 43/82
  Gradient (dHI/dt) stats:
    Mean: 0.006915, Std: 0.032605

================================================================================
LOSS BREAKDOWN:
  Term 0 (Initial HI <= 0.2): 0.133938 (×1.0)
  Term 1 (Target HI=1): 0.287536 (×1.0)
  Term 2 (Monotonicity): 0.094224 (×6.0)
  Term 3 (Convexity): 0.211942 (×2.0)
  Total Loss: 1.410702
================================================================================

PARAMETER GRADIENTS (averaged over 9 engines):
  W1: mean=0.00317329, std=0.00781929, max_abs=0.01151183
  b1: mean=0.00517544, std=0.00696584, max_abs=0.01492967
  W2: mean=-0.00008495, std=0.00202626, max_abs=0.00248044
  b2: mean=-0.00035087, std=0.00711599, max_abs=0.00746685
  W3: mean=0.00003504, std=0.06778028, max_abs=0.06781532
  b3: mean=-0.11020435, std=0.00000000, max_abs=0.11020435

ADAM OPTIMIZER UPDATE (step 600):
  W1: update_mean=-0.00004801, update_max_abs=0.00108645
  b1: update_mean=0.00027405, update_max_abs=0.00076219

Epoch 600/1000, Loss: 1.410702

================================================================================
EPOCH 700 - LOSS COMPUTATION
================================================================================

[Engine 1] T_n=72
  HI range: [0.247586, 0.727146]
  HI[0] (first): 0.290275
  HI[71] (last): 0.727146
  Loss Term 1 contribution: 0.074449 (target: h_n(T_n)=1)
  Loss Term 2 contribution: 0.010341
  Monotonicity violations: 29/71
  Loss Term 3 contribution: 0.022744
  Convexity violations: 36/70
  Gradient (dHI/dt) stats:
    Mean: 0.006153, Std: 0.034375

[Engine 2] T_n=73
  HI range: [0.264645, 0.825417]
  HI[0] (first): 0.315450
  HI[72] (last): 0.825417
  Loss Term 1 contribution: 0.030479 (target: h_n(T_n)=1)
  Loss Term 2 contribution: 0.008458
  Monotonicity violations: 34/72
  Loss Term 3 contribution: 0.019961
  Convexity violations: 37/71
  Gradient (dHI/dt) stats:
    Mean: 0.007083, Std: 0.029816

[Engine 3] T_n=67
  HI range: [0.265845, 0.845761]
  HI[0] (first): 0.313551
  HI[66] (last): 0.845761
  Loss Term 1 contribution: 0.023790 (target: h_n(T_n)=1)
  Loss Term 2 contribution: 0.009175
  Monotonicity violations: 25/66
  Loss Term 3 contribution: 0.020291
  Convexity violations: 33/65
  Gradient (dHI/dt) stats:
    Mean: 0.008064, Std: 0.032106

[Engine 4] T_n=60
  HI range: [0.290829, 0.762254]
  HI[0] (first): 0.317469
  HI[59] (last): 0.762254
  Loss Term 1 contribution: 0.056523 (target: h_n(T_n)=1)
  Loss Term 2 contribution: 0.008940
  Monotonicity violations: 25/59
  Loss Term 3 contribution: 0.021212
  Convexity violations: 28/58
  Gradient (dHI/dt) stats:
    Mean: 0.007539, Std: 0.029611

[Engine 5] T_n=93
  HI range: [0.235965, 0.877934]
  HI[0] (first): 0.250644
  HI[92] (last): 0.877934
  Loss Term 1 contribution: 0.014900 (target: h_n(T_n)=1)
  Loss Term 2 contribution: 0.010523
  Monotonicity violations: 36/92
  Loss Term 3 contribution: 0.023513
  Convexity violations: 48/91
  Gradient (dHI/dt) stats:
    Mean: 0.006818, Std: 0.035031

[Engine 6] T_n=63
  HI range: [0.293288, 0.862799]
  HI[0] (first): 0.347742
  HI[62] (last): 0.862799
  Loss Term 1 contribution: 0.018824 (target: h_n(T_n)=1)
  Loss Term 2 contribution: 0.012266
  Monotonicity violations: 25/62
  Loss Term 3 contribution: 0.028462
  Convexity violations: 34/61
  Gradient (dHI/dt) stats:
    Mean: 0.008307, Std: 0.039471

[Engine 7] T_n=80
  HI range: [0.292356, 0.882065]
  HI[0] (first): 0.397392
  HI[79] (last): 0.882065
  Loss Term 1 contribution: 0.013909 (target: h_n(T_n)=1)
  Loss Term 2 contribution: 0.008912
  Monotonicity violations: 32/79
  Loss Term 3 contribution: 0.019106
  Convexity violations: 37/78
  Gradient (dHI/dt) stats:
    Mean: 0.006135, Std: 0.029219

[Engine 8] T_n=71
  HI range: [0.255612, 0.963237]
  HI[0] (first): 0.255612
  HI[70] (last): 0.963237
  Loss Term 1 contribution: 0.001352 (target: h_n(T_n)=1)
  Loss Term 2 contribution: 0.014242
  Monotonicity violations: 26/70
  Loss Term 3 contribution: 0.033020
  Convexity violations: 37/69
  Gradient (dHI/dt) stats:
    Mean: 0.010109, Std: 0.046204

[Engine 9] T_n=84
  HI range: [0.262863, 0.867475]
  HI[0] (first): 0.274041
  HI[83] (last): 0.867475
  Loss Term 1 contribution: 0.017563 (target: h_n(T_n)=1)
  Loss Term 2 contribution: 0.009756
  Monotonicity violations: 28/83
  Loss Term 3 contribution: 0.022725
  Convexity violations: 44/82
  Gradient (dHI/dt) stats:
    Mean: 0.007150, Std: 0.032432

================================================================================
LOSS BREAKDOWN:
  Term 0 (Initial HI <= 0.2): 0.120102 (×1.0)
  Term 1 (Target HI=1): 0.251789 (×1.0)
  Term 2 (Monotonicity): 0.092613 (×6.0)
  Term 3 (Convexity): 0.211034 (×2.0)
  Total Loss: 1.349633
================================================================================

PARAMETER GRADIENTS (averaged over 9 engines):
  W1: mean=-0.00125400, std=0.00406120, max_abs=0.00759654
  b1: mean=0.00364878, std=0.00472382, max_abs=0.01011391
  W2: mean=-0.00005758, std=0.00154272, max_abs=0.00296771
  b2: mean=-0.00031890, std=0.00811956, max_abs=0.00843846
  W3: mean=0.00003809, std=0.05148814, max_abs=0.05152624
  b3: mean=-0.09416404, std=0.00000000, max_abs=0.09416404

ADAM OPTIMIZER UPDATE (step 700):
  W1: update_mean=0.00005901, update_max_abs=0.00029376
  b1: update_mean=0.00023149, update_max_abs=0.00066142

================================================================================
EPOCH 800 - LOSS COMPUTATION
================================================================================

[Engine 1] T_n=72
  HI range: [0.246579, 0.727660]
  HI[0] (first): 0.286498
  HI[71] (last): 0.727660
  Loss Term 1 contribution: 0.074169 (target: h_n(T_n)=1)
  Loss Term 2 contribution: 0.010079
  Monotonicity violations: 28/71
  Loss Term 3 contribution: 0.022286
  Convexity violations: 36/70
  Gradient (dHI/dt) stats:
    Mean: 0.006214, Std: 0.033769

[Engine 2] T_n=73
  HI range: [0.263090, 0.834303]
  HI[0] (first): 0.312222
  HI[72] (last): 0.834303
  Loss Term 1 contribution: 0.027456 (target: h_n(T_n)=1)
  Loss Term 2 contribution: 0.008419
  Monotonicity violations: 33/72
  Loss Term 3 contribution: 0.019912
  Convexity violations: 37/71
  Gradient (dHI/dt) stats:
    Mean: 0.007251, Std: 0.029933

[Engine 3] T_n=67
  HI range: [0.263259, 0.855563]
  HI[0] (first): 0.310032
  HI[66] (last): 0.855563
  Loss Term 1 contribution: 0.020862 (target: h_n(T_n)=1)
  Loss Term 2 contribution: 0.009123
  Monotonicity violations: 25/66
  Loss Term 3 contribution: 0.020222
  Convexity violations: 34/65
  Gradient (dHI/dt) stats:
    Mean: 0.008266, Std: 0.032184

[Engine 4] T_n=60
  HI range: [0.287832, 0.765316]
  HI[0] (first): 0.314523
  HI[59] (last): 0.765316
  Loss Term 1 contribution: 0.055077 (target: h_n(T_n)=1)
  Loss Term 2 contribution: 0.008872
  Monotonicity violations: 25/59
  Loss Term 3 contribution: 0.021261
  Convexity violations: 28/58
  Gradient (dHI/dt) stats:
    Mean: 0.007641, Std: 0.029632

[Engine 5] T_n=93
  HI range: [0.235371, 0.889978]
  HI[0] (first): 0.248613
  HI[92] (last): 0.889978
  Loss Term 1 contribution: 0.012105 (target: h_n(T_n)=1)
  Loss Term 2 contribution: 0.010435
  Monotonicity violations: 36/92
  Loss Term 3 contribution: 0.023549
  Convexity violations: 48/91
  Gradient (dHI/dt) stats:
    Mean: 0.006971, Std: 0.035071

[Engine 6] T_n=63
  HI range: [0.289363, 0.873670]
  HI[0] (first): 0.343503
  HI[62] (last): 0.873670
  Loss Term 1 contribution: 0.015959 (target: h_n(T_n)=1)
  Loss Term 2 contribution: 0.012127
  Monotonicity violations: 25/62
  Loss Term 3 contribution: 0.028448
  Convexity violations: 34/61
  Gradient (dHI/dt) stats:
    Mean: 0.008551, Std: 0.039365

[Engine 7] T_n=80
  HI range: [0.289895, 0.894242]
  HI[0] (first): 0.392022
  HI[79] (last): 0.894242
  Loss Term 1 contribution: 0.011185 (target: h_n(T_n)=1)
  Loss Term 2 contribution: 0.008888
  Monotonicity violations: 32/79
  Loss Term 3 contribution: 0.019336
  Convexity violations: 37/78
  Gradient (dHI/dt) stats:
    Mean: 0.006357, Std: 0.029598

[Engine 8] T_n=71
  HI range: [0.253775, 0.984676]
  HI[0] (first): 0.253775
  HI[70] (last): 0.984676
  Loss Term 1 contribution: 0.000235 (target: h_n(T_n)=1)
  Loss Term 2 contribution: 0.013943
  Monotonicity violations: 25/70
  Loss Term 3 contribution: 0.032549
  Convexity violations: 37/69
  Gradient (dHI/dt) stats:
    Mean: 0.010441, Std: 0.045782

[Engine 9] T_n=84
  HI range: [0.261193, 0.880862]
  HI[0] (first): 0.271352
  HI[83] (last): 0.880862
  Loss Term 1 contribution: 0.014194 (target: h_n(T_n)=1)
  Loss Term 2 contribution: 0.009494
  Monotonicity violations: 28/83
  Loss Term 3 contribution: 0.022226
  Convexity violations: 44/82
  Gradient (dHI/dt) stats:
    Mean: 0.007343, Std: 0.031949

================================================================================
LOSS BREAKDOWN:
  Term 0 (Initial HI <= 0.2): 0.113110 (×1.0)
  Term 1 (Target HI=1): 0.231241 (×1.0)
  Term 2 (Monotonicity): 0.091380 (×6.0)
  Term 3 (Convexity): 0.209790 (×2.0)
  Total Loss: 1.312209
================================================================================

PARAMETER GRADIENTS (averaged over 9 engines):
  W1: mean=-0.00151644, std=0.00371852, max_abs=0.00696752
  b1: mean=0.00341771, std=0.00424091, max_abs=0.00977339
  W2: mean=-0.00003839, std=0.00114943, max_abs=0.00238810
  b2: mean=-0.00029742, std=0.00769098, max_abs=0.00798840
  W3: mean=0.00002806, std=0.03962106, max_abs=0.03964912
  b3: mean=-0.08026475, std=0.00000000, max_abs=0.08026475

ADAM OPTIMIZER UPDATE (step 800):
  W1: update_mean=-0.00000624, update_max_abs=0.00027586
  b1: update_mean=0.00021463, update_max_abs=0.00059679

Epoch 800/1000, Loss: 1.312209

================================================================================
EPOCH 900 - LOSS COMPUTATION
================================================================================

[Engine 1] T_n=72
  HI range: [0.246773, 0.727993]
  HI[0] (first): 0.283229
  HI[71] (last): 0.727993
  Loss Term 1 contribution: 0.073988 (target: h_n(T_n)=1)
  Loss Term 2 contribution: 0.009816
  Monotonicity violations: 27/71
  Loss Term 3 contribution: 0.021805
  Convexity violations: 36/70
  Gradient (dHI/dt) stats:
    Mean: 0.006264, Std: 0.033162

[Engine 2] T_n=73
  HI range: [0.261179, 0.842028]
  HI[0] (first): 0.309794
  HI[72] (last): 0.842028
  Loss Term 1 contribution: 0.024955 (target: h_n(T_n)=1)
  Loss Term 2 contribution: 0.008344
  Monotonicity violations: 35/72
  Loss Term 3 contribution: 0.019788
  Convexity violations: 38/71
  Gradient (dHI/dt) stats:
    Mean: 0.007392, Std: 0.029939

[Engine 3] T_n=67
  HI range: [0.262355, 0.862882]
  HI[0] (first): 0.307421
  HI[66] (last): 0.862882
  Loss Term 1 contribution: 0.018801 (target: h_n(T_n)=1)
  Loss Term 2 contribution: 0.009003
  Monotonicity violations: 25/66
  Loss Term 3 contribution: 0.020059
  Convexity violations: 35/65
  Gradient (dHI/dt) stats:
    Mean: 0.008416, Std: 0.032077

[Engine 4] T_n=60
  HI range: [0.285280, 0.767717]
  HI[0] (first): 0.312118
  HI[59] (last): 0.767717
  Loss Term 1 contribution: 0.053956 (target: h_n(T_n)=1)
  Loss Term 2 contribution: 0.008783
  Monotonicity violations: 25/59
  Loss Term 3 contribution: 0.021219
  Convexity violations: 28/58
  Gradient (dHI/dt) stats:
    Mean: 0.007722, Std: 0.029582

[Engine 5] T_n=93
  HI range: [0.236088, 0.899129]
  HI[0] (first): 0.247805
  HI[92] (last): 0.899129
  Loss Term 1 contribution: 0.010175 (target: h_n(T_n)=1)
  Loss Term 2 contribution: 0.010345
  Monotonicity violations: 37/92
  Loss Term 3 contribution: 0.023530
  Convexity violations: 48/91
  Gradient (dHI/dt) stats:
    Mean: 0.007080, Std: 0.035096

[Engine 6] T_n=63
  HI range: [0.286388, 0.881769]
  HI[0] (first): 0.339504
  HI[62] (last): 0.881769
  Loss Term 1 contribution: 0.013979 (target: h_n(T_n)=1)
  Loss Term 2 contribution: 0.011957
  Monotonicity violations: 25/62
  Loss Term 3 contribution: 0.028287
  Convexity violations: 36/61
  Gradient (dHI/dt) stats:
    Mean: 0.008746, Std: 0.039208

[Engine 7] T_n=80
  HI range: [0.288157, 0.903377]
  HI[0] (first): 0.387280
  HI[79] (last): 0.903377
  Loss Term 1 contribution: 0.009336 (target: h_n(T_n)=1)
  Loss Term 2 contribution: 0.008874
  Monotonicity violations: 32/79
  Loss Term 3 contribution: 0.019537
  Convexity violations: 39/78
  Gradient (dHI/dt) stats:
    Mean: 0.006533, Std: 0.029943

[Engine 8] T_n=71
  HI range: [0.252043, 1.001069]
  HI[0] (first): 0.252043
  HI[70] (last): 1.001069
  Loss Term 1 contribution: 0.000001 (target: h_n(T_n)=1)
  Loss Term 2 contribution: 0.013729
  Monotonicity violations: 26/70
  Loss Term 3 contribution: 0.032318
  Convexity violations: 38/69
  Gradient (dHI/dt) stats:
    Mean: 0.010700, Std: 0.045576

[Engine 9] T_n=84
  HI range: [0.260709, 0.891403]
  HI[0] (first): 0.269772
  HI[83] (last): 0.891403
  Loss Term 1 contribution: 0.011793 (target: h_n(T_n)=1)
  Loss Term 2 contribution: 0.009198
  Monotonicity violations: 28/83
  Loss Term 3 contribution: 0.021681
  Convexity violations: 44/82
  Gradient (dHI/dt) stats:
    Mean: 0.007490, Std: 0.031452

================================================================================
LOSS BREAKDOWN:
  Term 0 (Initial HI <= 0.2): 0.107489 (×1.0)
  Term 1 (Target HI=1): 0.216984 (×1.0)
  Term 2 (Monotonicity): 0.090050 (×6.0)
  Term 3 (Convexity): 0.208224 (×2.0)
  Total Loss: 1.281218
================================================================================

PARAMETER GRADIENTS (averaged over 9 engines):
  W1: mean=-0.00028822, std=0.00221626, max_abs=0.00361112
  b1: mean=0.00361821, std=0.00452162, max_abs=0.01094973
  W2: mean=-0.00002368, std=0.00072222, max_abs=0.00140096
  b2: mean=-0.00029079, std=0.00716088, max_abs=0.00745166
  W3: mean=0.00001801, std=0.03116855, max_abs=0.03118656
  b3: mean=-0.06970389, std=0.00000000, max_abs=0.06970389

ADAM OPTIMIZER UPDATE (step 900):
  W1: update_mean=0.00002324, update_max_abs=0.00045603
  b1: update_mean=0.00023390, update_max_abs=0.00068097

================================================================================
EPOCH 1000 - LOSS COMPUTATION
================================================================================

[Engine 1] T_n=72
  HI range: [0.248071, 0.728711]
  HI[0] (first): 0.279559
  HI[71] (last): 0.728711
  Loss Term 1 contribution: 0.073598 (target: h_n(T_n)=1)
  Loss Term 2 contribution: 0.009479
  Monotonicity violations: 27/71
  Loss Term 3 contribution: 0.021199
  Convexity violations: 34/70
  Gradient (dHI/dt) stats:
    Mean: 0.006326, Std: 0.032380

[Engine 2] T_n=73
  HI range: [0.257760, 0.849058]
  HI[0] (first): 0.307547
  HI[72] (last): 0.849058
  Loss Term 1 contribution: 0.022784 (target: h_n(T_n)=1)
  Loss Term 2 contribution: 0.008242
  Monotonicity violations: 36/72
  Loss Term 3 contribution: 0.019597
  Convexity violations: 37/71
  Gradient (dHI/dt) stats:
    Mean: 0.007521, Std: 0.029930

[Engine 3] T_n=67
  HI range: [0.262537, 0.869226]
  HI[0] (first): 0.304984
  HI[66] (last): 0.869226
  Loss Term 1 contribution: 0.017102 (target: h_n(T_n)=1)
  Loss Term 2 contribution: 0.008831
  Monotonicity violations: 25/66
  Loss Term 3 contribution: 0.019883
  Convexity violations: 34/65
  Gradient (dHI/dt) stats:
    Mean: 0.008549, Std: 0.031886

[Engine 4] T_n=60
  HI range: [0.281147, 0.770538]
  HI[0] (first): 0.309800
  HI[59] (last): 0.770538
  Loss Term 1 contribution: 0.052653 (target: h_n(T_n)=1)
  Loss Term 2 contribution: 0.008661
  Monotonicity violations: 26/59
  Loss Term 3 contribution: 0.021089
  Convexity violations: 28/58
  Gradient (dHI/dt) stats:
    Mean: 0.007809, Std: 0.029443

[Engine 5] T_n=93
  HI range: [0.238109, 0.906483]
  HI[0] (first): 0.247934
  HI[92] (last): 0.906483
  Loss Term 1 contribution: 0.008745 (target: h_n(T_n)=1)
  Loss Term 2 contribution: 0.010210
  Monotonicity violations: 37/92
  Loss Term 3 contribution: 0.023352
  Convexity violations: 48/91
  Gradient (dHI/dt) stats:
    Mean: 0.007158, Std: 0.034997

[Engine 6] T_n=63
  HI range: [0.283502, 0.888492]
  HI[0] (first): 0.334150
  HI[62] (last): 0.888492
  Loss Term 1 contribution: 0.012434 (target: h_n(T_n)=1)
  Loss Term 2 contribution: 0.011812
  Monotonicity violations: 24/62
  Loss Term 3 contribution: 0.028218
  Convexity violations: 34/61
  Gradient (dHI/dt) stats:
    Mean: 0.008941, Std: 0.039059

[Engine 7] T_n=80
  HI range: [0.286758, 0.910640]
  HI[0] (first): 0.381951
  HI[79] (last): 0.910640
  Loss Term 1 contribution: 0.007985 (target: h_n(T_n)=1)
  Loss Term 2 contribution: 0.008843
  Monotonicity violations: 32/79
  Loss Term 3 contribution: 0.019763
  Convexity violations: 38/78
  Gradient (dHI/dt) stats:
    Mean: 0.006692, Std: 0.030292

[Engine 8] T_n=71
  HI range: [0.250199, 1.012897]
  HI[0] (first): 0.250199
  HI[70] (last): 1.012897
  Loss Term 1 contribution: 0.000166 (target: h_n(T_n)=1)
  Loss Term 2 contribution: 0.013522
  Monotonicity violations: 26/70
  Loss Term 3 contribution: 0.032098
  Convexity violations: 38/69
  Gradient (dHI/dt) stats:
    Mean: 0.010896, Std: 0.045372

[Engine 9] T_n=84
  HI range: [0.261133, 0.900271]
  HI[0] (first): 0.268803
  HI[83] (last): 0.900271
  Loss Term 1 contribution: 0.009946 (target: h_n(T_n)=1)
  Loss Term 2 contribution: 0.008805
  Monotonicity violations: 26/83
  Loss Term 3 contribution: 0.020946
  Convexity violations: 44/82
  Gradient (dHI/dt) stats:
    Mean: 0.007608, Std: 0.030721

================================================================================
LOSS BREAKDOWN:
  Term 0 (Initial HI <= 0.2): 0.101628 (×1.0)
  Term 1 (Target HI=1): 0.205413 (×1.0)
  Term 2 (Monotonicity): 0.088405 (×6.0)
  Term 3 (Convexity): 0.206145 (×2.0)
  Total Loss: 1.249759
================================================================================

PARAMETER GRADIENTS (averaged over 9 engines):
  W1: mean=-0.00246811, std=0.00627426, max_abs=0.01173020
  b1: mean=0.00429102, std=0.00584288, max_abs=0.01406059
  W2: mean=-0.00001692, std=0.00191127, max_abs=0.00313542
  b2: mean=-0.00031235, std=0.00682166, max_abs=0.00713401
  W3: mean=0.00002357, std=0.02531852, max_abs=0.02534209
  b3: mean=-0.06194595, std=0.00000000, max_abs=0.06194595

ADAM OPTIMIZER UPDATE (step 1000):
  W1: update_mean=0.00001122, update_max_abs=0.00057225
  b1: update_mean=0.00029225, update_max_abs=0.00092403

Epoch 1000/1000, Loss: 1.249759
  MLP final loss: 1.249759
  HI monotonicity rate  : 0.6042  (목표: 높을수록 좋음)
  HI smoothness (|ΔHI|) : 0.027184 (목표: 낮을수록 좋음)

  총 실행 시간: 20.9s

==========================================================================================
  전체 비교 결과 (↑높을수록 좋음 / ↓낮을수록 좋음)
==========================================================================================
지표                          Baseline Adaptive //50Adaptive //150Adaptive //200Adaptive //250
------------------------------------------------------------------------------------------
Outlier rate               0.00556 *     0.03333       0.00556 *     0.00556 *     0.00556 *
Mean IQR                  87.11536      28.48622 *    65.52190      76.00880      79.50432  
GPR Loss                  -2.77254 *    -0.00453      -0.49294      -0.65563      -0.74266  
잔차 STD                     1.81752 *    66.67754      93.90576      16.25420      10.33197  
잔차 MAE                     1.36713 *    47.21772      39.27520       8.84233       6.12900  
MLP Loss                   0.55537 *     2.51608       1.99970       1.65816       1.24976  
Monotonicity               0.66575 *     0.54111       0.56375       0.56100       0.60424  
Smoothness |ΔHI|           0.01891 *     0.02468       0.03166       0.03060       0.02718  

  * = 해당 지표 최우수

판정 기준:
  Outlier rate / IQR    ↓ : 학습 데이터 품질
  GPR Loss / 잔차       ↓ : GPR 정확도
  MLP Loss              ↓ : HI 학습 품질
  Monotonicity          ↑ : HI 단조성
  Smoothness            ↓ : HI 부드러움
==========================================================================================

Loss curve 저장: /Users/a1/Desktop/Research-project/research/NCMAPSS/comparison_loss_curve.png
  HI plot 저장: /Users/a1/Desktop/Research-project/research/NCMAPSS/hi_Baseline.png
  HI plot 저장: /Users/a1/Desktop/Research-project/research/NCMAPSS/hi_Adaptive_50.png
  HI plot 저장: /Users/a1/Desktop/Research-project/research/NCMAPSS/hi_Adaptive_150.png
  HI plot 저장: /Users/a1/Desktop/Research-project/research/NCMAPSS/hi_Adaptive_200.png
  HI plot 저장: /Users/a1/Desktop/Research-project/research/NCMAPSS/hi_Adaptive_250.png
